1,4,5,7,11,14,16,17
6.508246421813965,21.238426208496094,4.370370388031006,1534.9913330078125,61.14004516601562,79.64409637451173,306.25,34.609375
6.506076335906982,20.856481552124023,3.534722328186035,1533.728271484375,61.95022964477539,93.48958587646484,34.375,34.375
6.506076335906982,20.578702926635746,3.5162036418914795,1534.5703125,62.99189758300781,53.34201431274414,323.84259033203125,34.24479293823243
6.525607585906982,20.64814758300781,3.5300924777984615,1535.412353515625,62.5,83.07291412353516,311.5740661621094,34.34895706176757
6.538628578186035,20.53240776062012,3.5115740299224854,1535.8333740234375,64.20717620849611,53.55902862548828,344.3287048339844,34.453125
6.55164909362793,20.21990776062012,3.550925970077514,1535.412353515625,63.19444274902344,71.26736450195312,239.23611450195312,34.42708206176757
6.55381965637207,20.266202926635746,3.5208332538604736,1534.5703125,62.38425827026367,85.9375,313.5416564941406,34.58333206176757
6.579861164093018,20.601852416992188,3.532407522201538,1534.5703125,61.71875,90.27777862548828,258.5648193359375,34.58333206176757
6.586371421813965,21.643518447875977,4.326388835906982,1534.5703125,61.31365585327149,96.44097137451172,355.2083435058594,34.66145706176757
6.599392414093018,21.145833969116207,4.375,1534.5703125,61.0821762084961,70.39930725097656,255.55555725097656,34.58333206176757
6.614583492279053,20.86805534362793,3.615740776062012,1534.5703125,60.96643447875977,98.74131774902345,298.2638854980469,34.58333206176757
6.618923664093018,20.97222137451172,3.5439815521240234,1534.1492919921875,61.74768447875977,80.59896087646483,209.49073791503903,34.55729293823243
6.62977409362793,20.358797073364254,3.5231480598449707,1534.9913330078125,62.44213104248047,68.88021087646486,282.5231628417969,34.53125
6.644965171813965,18.564815521240234,3.5092592239379883,1535.412353515625,62.26852035522461,69.70486450195314,232.5231475830078,34.79166793823243
6.65147590637207,16.412036895751953,3.497685194015503,1534.1492919921875,63.02083206176758,75.60763549804686,381.13424682617193,34.55729293823243
6.67100715637207,15.659722328186035,3.506944417953491,1534.1492919921875,62.44213104248047,91.71006774902345,334.72222900390625,34.86979293823243
6.684027671813965,19.108797073364254,3.5300924777984615,1534.5703125,62.00810241699218,85.02603912353516,312.2685241699219,35.13020706176757
6.69921875,19.259260177612305,3.5115740299224854,1534.9913330078125,62.44213104248047,84.59201049804686,347.5694580078125,34.609375
6.712239742279053,18.275463104248047,3.488425970077514,1532.88623046875,61.71875,78.08159637451173,256.71295166015625,34.71354293823243
6.725260257720947,17.789352416992188,3.5115740299224854,1535.412353515625,61.68981552124024,85.15625,236.80555725097656,34.79166793823243
6.740451335906982,17.974536895751953,3.400462865829468,1535.412353515625,60.59027862548828,74.39236450195312,321.99075317382807,34.765625
6.751302242279053,17.268518447875973,3.099537134170532,1535.412353515625,61.31365585327149,106.68402862548828,182.98611450195312,34.921875
6.76649284362793,17.210647583007812,3.349537134170532,1534.9913330078125,61.71875,62.41319274902344,362.5,35.13020706176757
6.525607585906982,15.76388931274414,3.3564815521240234,1534.1492919921875,62.09490585327149,76.51909637451173,324.1898193359375,35.18229293823243
6.560329914093018,15.300926208496096,3.5023148059844966,1534.5703125,61.574073791503906,53.64583206176758,338.0787048339844,35.49479293823242
6.605902671813965,15.104166984558105,2.5833332538604736,1535.412353515625,61.19791793823242,10.112847328186037,316.08795166015625,35.78125
6.65147590637207,14.6875,1.6550925970077517,1531.623291015625,30.75810241699219,20.78993034362793,314.3518371582032,36.09375
6.712239742279053,13.39120388031006,0.94907408952713,1534.1492919921875,7.349536895751954,47.91666793823242,290.74075317382807,36.354167938232415
6.74696159362793,12.384259223937988,3.497685194015503,1535.412353515625,62.21064758300781,96.18055725097656,353.58795166015625,36.30208206176758
6.701388835906982,10.24305534362793,3.5416667461395264,1531.623291015625,59.05671310424805,60.46006774902344,321.0648193359375,36.484375
6.692708492279053,13.136573791503904,3.5416667461395264,1535.412353515625,56.97338104248047,154.77430725097656,261.92129516601557,36.40625
6.686197757720947,10.949073791503906,3.625,1534.9913330078125,58.91203689575195,154.77430725097656,331.25,36.041667938232415
6.684027671813965,11.620369911193848,3.6111111640930176,1536.25439453125,59.98263931274414,154.77430725097656,306.59722900390625,35.57291793823242
6.68836784362793,12.557869911193848,3.587962865829468,1536.25439453125,59.63541793823242,154.77430725097656,296.0648193359375,35.67708206176758
6.692708492279053,11.990740776062012,3.7083332538604736,1534.1492919921875,58.13078689575195,130.078125,336.2268371582031,35.57291793823242
6.720920085906982,12.280092239379885,3.7476851940155034,1534.5703125,56.68402862548828,108.28993225097656,328.0092468261719,35.36458206176758
6.755642414093018,13.19444465637207,3.7013888359069824,1532.88623046875,56.04745483398438,90.234375,341.8981628417969,35.33854293823242
6.66883659362793,12.997685432434082,3.7083332538604736,1534.1492919921875,55.67129516601562,89.93055725097656,220.0231475830078,35.36458206176758
6.71006965637207,11.134259223937988,3.7083332538604736,1534.9913330078125,55.00578689575195,81.55381774902342,323.6111145019531,35.15625
6.69053840637207,11.11111068725586,3.724537134170532,1534.9913330078125,54.6875,89.84375,375.3472290039063,35.3125
6.692708492279053,11.967592239379885,3.738425970077514,1540.04345703125,55.15046310424805,93.27256774902345,322.5694580078125,35.26041793823242
6.69053840637207,12.210648536682127,3.7291667461395264,1536.67529296875,55.64236068725586,89.4965286254883,317.4768371582031,35.33854293823242
6.69053840637207,11.747685432434082,3.6875,1545.9375,54.65856552124024,89.4965286254883,369.0972290039063,35.49479293823242
6.69053840637207,12.384259223937988,3.7523148059844966,1533.728271484375,55.06365585327149,93.31597137451172,339.2361145019531,35.546875
6.694878578186035,12.071759223937988,3.756944417953491,1537.0963134765625,55.15046310424805,87.06597137451173,305.2083435058594,35.625
6.694878578186035,12.45370388031006,3.7106480598449703,1540.8853759765625,55.46875,90.53819274902345,215.39352416992188,35.59895706176758
6.692708492279053,11.25,3.7361111640930176,1540.8853759765625,55.93171310424805,74.17534637451173,348.1481628417969,35.44270706176758
6.69053840637207,10.3125,3.706018447875977,1532.0443115234375,55.09259414672852,93.40277862548828,361.2268371582031,35.36458206176758
6.692708492279053,10.682869911193848,3.712962865829468,1534.5703125,54.57175827026367,83.984375,334.9537048339844,35.44270706176758
6.694878578186035,10.416666984558104,3.712962865829468,1533.728271484375,54.42708206176758,91.44965362548828,233.9120330810547,35.26041793823242
6.692708492279053,6.423611164093018,3.7106480598449703,1542.990478515625,54.45602035522461,98.046875,297.4537048339844,34.97395706176757
6.69053840637207,8.402777671813965,3.724537134170532,1539.201416015625,54.48495483398438,86.54513549804686,344.3287048339844,35.15625
6.692708492279053,9.86111068725586,3.715277671813965,1540.46435546875,54.57175827026367,96.83159637451172,221.875,34.765625
6.692708492279053,8.796296119689941,3.70370364189148,1540.04345703125,54.71643447875977,91.62326049804688,178.70370483398438,34.609375
6.69053840637207,8.81944465637207,3.675925970077514,1539.201416015625,54.51388931274414,79.60069274902342,243.2870330810547,34.58333206176757
6.694878578186035,9.75694465637207,3.6828703880310054,1539.6224365234375,55.00578689575195,79.296875,357.6388854980469,34.296875
6.68836784362793,8.19444465637207,3.6458332538604736,1539.201416015625,54.39814758300781,91.53646087646484,337.3842468261719,33.828125
6.692708492279053,9.583333015441895,3.634259223937988,1539.201416015625,53.73263931274414,99.00173950195312,144.44444274902344,33.80208206176757
6.692708492279053,8.99305534362793,3.636574029922485,1537.9383544921875,54.0509262084961,117.23090362548828,57.1759262084961,33.56770706176757
6.69053840637207,9.351851463317873,3.650462865829468,1537.9383544921875,54.77430725097656,97.39583587646484,138.88888549804688,33.54166793823243
6.69053840637207,9.016203880310057,3.631944417953491,1534.9913330078125,54.16666793823242,100.04340362548828,66.20370483398439,33.671875
6.69053840637207,8.726851463317871,3.6226851940155034,1541.306396484375,54.22453689575195,108.63715362548828,47.33796310424805,33.30729293823243
6.69053840637207,10.162036895751953,3.608796358108521,1542.5694580078125,54.02199172973633,96.44097137451172,26.38888931274414,33.17708206176757
6.68836784362793,8.969907760620117,3.6111111640930176,1543.4114990234375,53.93518447875977,81.46701049804686,130.2083282470703,33.046875
6.69053840637207,10.35879611968994,3.599537134170532,1543.4114990234375,55.26620483398438,81.85763549804686,176.38888549804688,32.96875
6.692708492279053,9.86111068725586,3.5925924777984615,1545.5164794921875,54.13772964477539,76.6059036254883,215.5092620849609,32.60416793823243
6.694878578186035,9.51388931274414,3.590277671813965,1542.5694580078125,53.09606552124024,109.93923950195312,152.43055725097656,32.68229293823243
6.692708492279053,10.162036895751953,3.553240776062012,1542.5694580078125,53.03819274902344,103.25521087646484,59.49074172973633,32.23958206176757
6.69053840637207,9.907407760620115,3.5856480598449707,1545.095458984375,54.16666793823242,80.68576049804686,261.1111145019531,32.1875
6.69053840637207,10.3125,3.5925924777984615,1542.5694580078125,53.50115585327149,107.421875,259.1435241699219,32.34375
6.694878578186035,10.405092239379883,3.5787036418914795,1541.306396484375,52.95138931274414,81.11978912353516,318.1712951660156,31.953125
6.692708492279053,9.54861068725586,3.5763888359069824,1538.7803955078125,53.21180725097656,88.45486450195312,327.4305419921875,31.953125
6.692708492279053,7.673611164093018,3.569444417953491,1540.8853759765625,53.2696762084961,110.50347137451172,332.0601806640625,31.796875
6.697048664093018,10.26620388031006,3.5625,1543.4114990234375,54.34027862548828,88.671875,261.5740661621094,31.69270896911621
6.694878578186035,11.446759223937988,3.553240776062012,1540.46435546875,53.00925827026367,93.57638549804688,227.89352416992188,31.30208396911621
6.692708492279053,11.770833015441895,3.3865740299224854,1539.6224365234375,53.58796310424805,110.41666412353516,317.3611145019531,31.22395896911621
6.694878578186035,6.365740776062012,3.368055582046509,1533.728271484375,53.73263931274414,65.97222137451172,359.1435241699219,31.14583396911621
6.692708492279053,10.89120388031006,3.3888888359069824,1532.88623046875,54.39814758300781,78.60243225097656,236.4583282470703,31.09375
6.694878578186035,12.696759223937988,3.407407522201538,1528.2552490234375,53.761573791503906,106.20659637451172,208.21759033203125,31.11979103088379
6.69053840637207,12.847222328186035,3.4143519401550293,1529.5181884765625,53.2696762084961,89.67013549804686,265.3935241699219,30.859375
6.69053840637207,13.333333015441895,3.4143519401550293,1529.09716796875,53.15393447875977,89.36631774902342,312.73147583007807,30.88541603088379
6.692708492279053,13.206018447875975,3.393518447875977,1534.5703125,52.51736068725586,90.84201049804688,286.9212951660156,30.67708396911621
6.692708492279053,12.407407760620115,3.409722328186035,1543.4114990234375,53.32754516601562,96.22396087646484,287.61575317382807,30.57291603088379
6.692708492279053,13.136573791503904,3.3912036418914795,1540.04345703125,53.125,97.22222137451172,262.61575317382807,30.3125
6.69053840637207,13.842592239379885,3.3842592239379883,1534.5703125,52.69097137451172,54.25347137451172,299.7685241699219,30.26041603088379
6.692708492279053,13.587963104248047,3.3981480598449707,1532.46533203125,52.51736068725586,96.05034637451172,382.0601806640625,30.13020896911621
6.692708492279053,13.726851463317873,3.3888888359069824,1532.88623046875,52.89352035522461,79.42708587646483,212.26852416992188,30.10416603088379
6.68836784362793,13.75,3.4050924777984615,1535.412353515625,52.63310241699218,100.13021087646484,345.9490661621094,30.18229103088379
6.69053840637207,13.842592239379885,3.3888888359069824,1533.3072509765625,52.14120483398438,117.31771087646484,217.12962341308597,29.84375
6.69053840637207,13.958333015441895,3.372685194015503,1534.5703125,52.22800827026367,90.10416412353516,337.03704833984375,29.86979103088379
6.692708492279053,14.259259223937988,3.372685194015503,1535.412353515625,51.88078689575195,91.49305725097656,292.8240661621094,29.73958396911621
6.69053840637207,13.622685432434082,3.379629611968994,1543.4114990234375,51.82291793823242,84.11458587646483,340.625,29.73958396911621
6.694878578186035,13.668981552124025,3.131944417953491,1532.46533203125,52.199073791503906,85.50347137451173,284.02777099609375,29.453125
6.69053840637207,14.432869911193848,3.303240776062012,1534.9913330078125,51.85185241699218,89.4965286254883,224.30555725097656,29.58333396911621
6.694878578186035,13.773148536682127,3.363425970077514,1536.25439453125,51.44675827026367,73.39409637451173,205.90277099609372,29.42708396911621
6.694878578186035,13.402777671813965,3.372685194015503,1533.3072509765625,52.45949172973633,92.01388549804688,294.7916564941406,29.40104103088379
6.692708492279053,7.824074268341064,3.379629611968994,1535.412353515625,51.90972137451172,112.58680725097656,203.47222900390625,29.453125
6.692708492279053,7.52314805984497,3.365740776062012,1536.67529296875,51.50463104248047,109.67881774902344,356.25,29.42708396911621
6.692708492279053,13.958333015441895,3.372685194015503,1533.728271484375,51.33102035522461,87.1527786254883,343.28704833984375,29.32291603088379
6.69053840637207,13.738426208496096,3.3518519401550293,1534.5703125,51.21527862548828,89.01909637451173,343.98147583007807,29.42708396911621
6.69053840637207,10.706018447875977,3.3425924777984615,1535.412353515625,52.08333206176758,101.12847137451172,304.745361328125,29.34895896911621
6.692708492279053,13.26388931274414,3.3425924777984615,1534.5703125,50.98379516601562,115.92881774902344,261.6898193359375,28.90625
6.69053840637207,15.972222328186035,3.365740776062012,1532.88623046875,51.24421310424805,105.77256774902344,324.4212951660156,29.08854103088379
6.692708492279053,14.837963104248047,3.349537134170532,1532.46533203125,51.15740585327149,78.5590286254883,310.3009338378906,29.01041603088379
6.692708492279053,15.416666984558105,3.3587963581085205,1533.3072509765625,51.33102035522461,77.3871536254883,301.504638671875,29.03645896911621
6.69053840637207,14.710648536682127,3.3611111640930176,1534.1492919921875,51.07060241699218,75.65103912353516,282.754638671875,29.16666603088379
6.69053840637207,15.38194465637207,3.372685194015503,1533.728271484375,50.83911895751953,77.86458587646483,339.120361328125,28.95833396911621
6.694878578186035,15.89120388031006,3.3773148059844966,1532.46533203125,50.34722137451172,73.0902786254883,268.6342468261719,28.95833396911621
6.69053840637207,15.532407760620115,3.3611111640930176,1533.3072509765625,50.52083206176758,73.0902786254883,312.3842468261719,29.01041603088379
6.694878578186035,15.972222328186035,3.3587963581085205,1532.46533203125,51.07060241699218,81.11978912353516,339.5833435058594,29.140625
6.692708492279053,16.49305534362793,3.3587963581085205,1532.46533203125,50.52083206176758,94.70486450195312,337.3842468261719,28.69791603088379
6.69053840637207,15.104166984558105,3.3773148059844966,1532.0443115234375,50.28935241699218,91.53646087646484,333.6805419921875,28.77604103088379
6.69053840637207,18.414352416992188,3.4953703880310054,1535.412353515625,50.52083206176758,99.30555725097656,270.6018371582031,28.69791603088379
6.69053840637207,18.564815521240234,3.5138888359069824,1535.412353515625,50.17361068725586,75.30381774902342,201.96759033203125,28.75
6.694878578186035,17.800926208496094,3.504629611968994,1534.5703125,50.0,79.47048950195312,320.0231628417969,28.90625
6.69053840637207,19.398147583007812,3.5023148059844966,1532.88623046875,49.855323791503906,98.69791412353516,265.74075317382807,28.72395896911621
6.692708492279053,16.435184478759766,3.493055582046509,1529.09716796875,50.05786895751953,81.55381774902342,299.3055419921875,28.64583396911621
6.692708492279053,18.495370864868164,3.4861111640930176,1530.3602294921875,49.94213104248047,106.98784637451172,248.84259033203125,28.75
6.694878578186035,15.393518447875975,3.488425970077514,1529.5181884765625,50.20254516601562,99.43576049804688,348.379638671875,28.828125
6.692708492279053,18.831018447875977,3.4675924777984615,1528.67626953125,49.71064758300781,69.31423950195314,332.40740966796875,28.46354103088379
6.692708492279053,18.668981552124023,3.488425970077514,1531.623291015625,49.33449172973633,85.24305725097656,315.16204833984375,28.4375
6.69053840637207,20.509260177612305,3.474537134170532,1534.1492919921875,49.16088104248047,77.47396087646483,328.0092468261719,28.38541603088379
6.69053840637207,20.462963104248047,3.4791667461395264,1534.1492919921875,49.76852035522461,75.47743225097656,297.5694580078125,28.54166603088379
6.69053840637207,22.071760177612305,3.474537134170532,1532.46533203125,49.50810241699218,74.78298950195312,245.0231475830078,28.64583396911621
6.69053840637207,21.81712913513184,3.4814815521240234,1531.2022705078125,49.50810241699218,71.96180725097656,279.1666564941406,28.41145896911621
6.69053840637207,21.203702926635746,3.488425970077514,1528.67626953125,49.50810241699218,75.73784637451173,236.11111450195312,28.30729103088379
6.692708492279053,21.921297073364254,3.469907522201538,1529.09716796875,48.75578689575195,75.0,249.1898193359375,28.38541603088379
6.69053840637207,22.01388931274414,3.4791667461395264,1528.67626953125,49.24768447875977,74.17534637451173,264.6990661621094,28.515625
6.69053840637207,22.731481552124023,3.469907522201538,1528.2552490234375,48.4375,74.13194274902342,283.3333435058594,28.203125
6.692708492279053,23.90046310424805,3.4768519401550293,1536.25439453125,48.61111068725586,75.0,260.4166564941406,28.359375
6.69053840637207,24.502315521240234,3.474537134170532,1534.9913330078125,48.35069274902344,74.78298950195312,296.52777099609375,28.25520896911621
6.69053840637207,24.467592239379886,3.4768519401550293,1532.88623046875,48.66897964477539,70.703125,258.21759033203125,28.41145896911621
6.692708492279053,24.386573791503906,3.4814815521240234,1532.88623046875,48.72685241699218,72.96006774902342,319.5601806640625,28.48958396911621
6.692708492279053,25.03472137451172,3.472222328186035,1531.623291015625,48.03240585327149,74.17534637451173,358.3333435058594,28.28125
6.69053840637207,24.80323982238769,3.4814815521240234,1532.46533203125,47.74305725097656,73.26388549804686,271.6435241699219,28.17708396911621
6.69053840637207,24.814815521240234,3.465277671813965,1535.412353515625,47.65625,71.91840362548828,282.40740966796875,28.30729103088379
6.69053840637207,25.196760177612305,3.4814815521240234,1536.67529296875,48.00347137451172,69.61805725097656,302.8935241699219,28.41145896911621
6.692708492279053,25.83333396911621,3.472222328186035,1536.67529296875,47.36689758300781,70.74652862548828,326.96759033203125,28.25520896911621
6.692708492279053,25.72916603088379,3.469907522201538,1534.5703125,47.19328689575195,67.44791412353516,330.4398193359375,28.30729103088379
6.68836784362793,26.203702926635746,3.490740776062012,1532.88623046875,46.90393447875977,69.53125,241.08796691894528,28.33333396911621
6.692708492279053,25.636573791503906,3.4791667461395264,1534.1492919921875,47.07754516601562,75.13021087646483,351.7361145019531,28.46354103088379
6.69053840637207,26.516202926635746,3.474537134170532,1533.3072509765625,47.65625,66.31944274902344,301.620361328125,28.48958396911621
6.69053840637207,25.96064758300781,3.469907522201538,1534.9913330078125,47.13541793823242,71.57118225097656,238.4259185791016,28.359375
6.692708492279053,26.15740776062012,3.469907522201538,1532.46533203125,46.96180725097656,60.37326431274414,150.8101806640625,28.30729103088379
6.692708492279053,26.655092239379886,3.4467592239379883,1535.8333740234375,47.0196762084961,69.48784637451172,77.1990737915039,28.30729103088379
6.69053840637207,26.956018447875977,3.472222328186035,1535.412353515625,47.45370483398438,66.57986450195314,273.495361328125,28.46354103088379
6.69053840637207,26.724536895751953,3.469907522201538,1534.9913330078125,46.81713104248047,69.140625,304.9768371582031,28.33333396911621
6.692708492279053,26.80555534362793,3.474537134170532,1530.3602294921875,46.70138931274414,69.70486450195314,324.7685241699219,28.38541603088379
6.69053840637207,26.25,3.4583332538604736,1530.3602294921875,46.78819274902344,69.66146087646486,227.77777099609372,28.28125
6.69053840637207,27.09490776062012,3.465277671813965,1537.0963134765625,47.33796310424805,67.83853912353516,332.870361328125,28.46354103088379
6.69053840637207,24.05092620849609,3.5023148059844966,1537.517333984375,47.54050827026367,76.2152786254883,339.120361328125,28.48958396911621
6.68836784362793,27.766202926635746,3.469907522201538,1536.67529296875,47.04861068725586,70.13888549804689,245.48611450195312,28.30729103088379
6.69053840637207,28.24073982238769,3.4837963581085205,1540.46435546875,46.58564758300781,69.83506774902344,304.28240966796875,28.359375
6.69053840637207,27.77777862548828,3.4768519401550293,1540.8853759765625,46.20949172973633,69.79166412353516,306.25,28.4375
6.68836784362793,28.15972137451172,3.493055582046509,1537.9383544921875,46.46990585327149,59.72222137451172,357.2916564941406,28.56770896911621
6.68836784362793,29.05092620849609,4.907407283782959,1538.359375,55.49768447875977,59.93923568725586,321.1805419921875,28.38541603088379
6.69053840637207,29.259260177612305,4.49305534362793,1539.201416015625,56.27893447875977,44.61805725097656,306.0185241699219,28.54166603088379
6.692708492279053,29.328702926635746,4.435184955596924,1538.359375,55.96064758300781,32.725692749023445,243.2870330810547,28.48958396911621
6.69053840637207,26.296297073364254,4.439815044403076,1538.7803955078125,57.46527862548828,94.35763549804688,305.6712951660156,28.48958396911621
6.692708492279053,28.530092239379886,4.539351940155028,1536.25439453125,56.68402862548828,90.06076049804686,324.53704833984375,28.41145896911621
6.69053840637207,29.71064758300781,4.150463104248047,1538.359375,55.93171310424805,79.81771087646483,326.15740966796875,28.22916603088379
6.69053840637207,29.71064758300781,3.7013888359069824,1536.25439453125,55.46875,77.86458587646483,199.65277099609372,28.15104103088379
6.692708492279053,29.641202926635746,3.678240776062012,1534.1492919921875,55.72916793823242,71.22396087646484,252.5462951660156,28.30729103088379
6.69053840637207,30.324073791503906,3.6666667461395264,1534.5703125,56.07638931274414,75.47743225097656,294.3287048339844,28.22916603088379
6.69053840637207,29.96527862548828,3.7546296119689937,1537.517333984375,55.87384414672852,57.85590362548828,255.55555725097656,27.91666603088379
6.69053840637207,29.745370864868164,3.840277671813965,1536.25439453125,55.35300827026367,64.01909637451172,348.379638671875,27.94270896911621
6.69053840637207,29.768518447875977,3.7800924777984615,1536.67529296875,55.46875,74.00173950195312,273.379638671875,27.96875
6.694878578186035,29.02777862548828,3.7800924777984615,1536.67529296875,55.98958206176758,77.17013549804686,260.1851806640625,27.99479103088379
6.694878578186035,29.6875,3.789351940155029,1536.67529296875,55.29513931274414,60.15625,353.58795166015625,27.99479103088379
6.69053840637207,29.13194465637207,3.800925970077514,1536.25439453125,55.26620483398438,78.25521087646483,309.2592468261719,27.96875
6.694878578186035,29.28240776062012,3.803240776062012,1539.6224365234375,55.00578689575195,74.00173950195312,265.1620483398437,27.78645896911621
6.692708492279053,28.57638931274414,3.7824075222015376,1539.201416015625,54.57175827026367,73.0902786254883,303.35647583007807,27.96875
6.694878578186035,29.36342620849609,3.796296358108521,1535.412353515625,55.38194274902344,79.42708587646483,309.2592468261719,27.99479103088379
6.692708492279053,30.24305534362793,3.784722328186035,1536.67529296875,55.20833206176758,87.76041412353516,282.6388854980469,27.70833396911621
6.69053840637207,29.606481552124023,3.777777671813965,1537.517333984375,54.91897964477539,77.17013549804686,246.4120330810547,27.70833396911621
6.69053840637207,29.386573791503906,3.787037134170532,1536.67529296875,54.57175827026367,93.57638549804688,264.2361145019532,27.55208396911621
6.69053840637207,29.733797073364254,3.76620364189148,1538.7803955078125,54.80324172973633,99.00173950195312,316.4351806640625,27.70833396911621
6.694878578186035,29.62962913513184,3.76620364189148,1537.0963134765625,55.17939758300781,72.17881774902342,300.5787048339844,27.86458396911621
6.69053840637207,29.66435241699219,3.8125,1536.25439453125,54.86111068725586,70.52951049804688,325.11575317382807,27.76041603088379
6.69053840637207,27.21064758300781,3.768518447875977,1534.5703125,54.86111068725586,77.90798950195312,330.3240661621094,27.78645896911621
6.68836784362793,29.432870864868164,3.7800924777984615,1532.88623046875,55.12152862548828,71.26736450195312,271.875,27.76041603088379
6.692708492279053,28.95833396911621,3.7986111640930176,1538.359375,55.03472137451172,75.65103912353516,298.1481628417969,27.86458396911621
6.692708492279053,29.293981552124023,3.784722328186035,1540.46435546875,55.09259414672852,72.61284637451173,340.0462951660156,27.65625
6.69053840637207,29.82638931274414,3.7916667461395264,1538.359375,55.15046310424805,73.0902786254883,294.7916564941406,27.65625
6.69053840637207,29.98842620849609,3.7523148059844966,1539.201416015625,54.16666793823242,86.02430725097656,243.1712951660156,27.52604103088379
6.694878578186035,29.59490776062012,3.768518447875977,1538.7803955078125,54.51388931274414,79.38368225097656,260.7638854980469,27.52604103088379
6.69053840637207,29.189815521240234,3.7916667461395264,1539.6224365234375,55.03472137451172,70.3125,238.19444274902344,27.63020896911621
6.68836784362793,28.923610687255856,3.775462865829468,1538.359375,55.03472137451172,80.03472137451173,280.2083435058594,27.55208396911621
6.692708492279053,29.20138931274414,3.7800924777984615,1538.7803955078125,54.36921310424805,85.1996536254883,255.6712951660156,27.5
6.692708492279053,28.88888931274414,3.775462865829468,1539.201416015625,55.38194274902344,79.94791412353516,320.6018371582031,27.55208396911621
6.694878578186035,29.074073791503906,3.8171296119689937,1537.0963134765625,54.42708206176758,70.703125,318.1712951660156,27.578125
6.69053840637207,29.24768447875977,4.083333492279053,1534.9913330078125,54.22453689575195,70.92013549804688,238.3101806640625,27.5
6.69053840637207,29.21296310424805,4.05555534362793,1538.7803955078125,54.22453689575195,75.60763549804686,330.09259033203125,27.55208396911621
6.68836784362793,29.606481552124023,4.092592716217041,1528.2552490234375,54.0509262084961,75.13021087646483,343.86575317382807,27.5
6.694878578186035,28.86573982238769,4.0462961196899405,1528.2552490234375,54.51388931274414,76.51909637451173,301.7361145019531,27.63020896911621
6.697048664093018,28.73842620849609,4.043981552124024,1529.5181884765625,54.48495483398438,68.88021087646486,337.3842468261719,27.55208396911621
6.692708492279053,29.918981552124023,4.053240776062012,1529.5181884765625,53.58796310424805,87.45659637451173,334.2592468261719,27.47395896911621
6.69053840637207,27.92823982238769,4.050925731658936,1529.939208984375,53.90625,71.05034637451172,318.1712951660156,27.421875
6.692708492279053,29.27083396911621,4.034722328186035,1529.09716796875,54.25347137451172,78.29861450195312,326.96759033203125,27.578125
6.692708492279053,29.30555534362793,4.0462961196899405,1528.67626953125,54.48495483398438,75.95486450195312,316.08795166015625,27.60416603088379
6.692708492279053,29.074073791503906,4.057870388031006,1528.67626953125,54.36921310424805,94.22743225097656,240.1620330810547,27.44791603088379
6.69053840637207,29.28240776062012,4.053240776062012,1529.939208984375,54.02199172973633,82.16146087646483,288.5416564941406,27.578125
6.69053840637207,28.58796310424805,4.078703880310059,1529.939208984375,54.25347137451172,67.578125,328.47222900390625,27.36979103088379
6.69053840637207,29.65277862548828,4.048611164093018,1530.3602294921875,54.80324172973633,64.10590362548828,267.7083435058594,27.52604103088379
6.69053840637207,29.44444465637207,4.00694465637207,1530.78125,54.91897964477539,71.39756774902344,299.53704833984375,27.5
6.694878578186035,29.72222137451172,5.1712961196899405,1531.2022705078125,54.74536895751953,86.15451049804686,344.6759338378906,27.1875
6.694878578186035,29.537036895751953,5.168981552124024,1530.78125,54.28240585327149,72.39583587646483,316.8981628417969,27.109375
6.69053840637207,29.39814758300781,5.192129611968993,1532.0443115234375,54.36921310424805,72.56944274902342,318.0555419921875,26.84895896911621
6.69053840637207,29.61805534362793,5.215277671813965,1535.412353515625,54.39814758300781,71.70138549804688,226.85185241699216,26.796875
6.69053840637207,30.393518447875977,5.175925731658936,1534.1492919921875,54.16666793823242,63.36805725097656,231.01852416992188,26.69270896911621
6.69053840637207,30.06944465637207,5.196759223937988,1533.728271484375,54.10879516601562,76.47569274902342,327.4305419921875,26.51041603088379
6.694878578186035,28.73842620849609,5.231481552124024,1532.0443115234375,54.28240585327149,79.42708587646483,291.2037048339844,26.43229103088379
6.686197757720947,30.06944465637207,5.1712961196899405,1532.88623046875,54.31134414672852,93.57638549804688,329.28240966796875,26.40625
6.69053840637207,29.24768447875977,5.175925731658936,1532.46533203125,54.45602035522461,74.13194274902342,309.60647583007807,26.328125
6.69053840637207,29.21296310424805,5.212963104248047,1532.46533203125,53.84838104248047,61.67534637451172,319.90740966796875,26.11979103088379
6.69053840637207,29.71064758300781,5.201388835906982,1533.728271484375,53.99305725097656,82.421875,302.3148193359375,26.015625
6.69053840637207,28.81944465637207,5.175925731658936,1533.728271484375,53.90625,78.515625,334.02777099609375,25.859375
6.694878578186035,29.224536895751953,5.192129611968993,1531.2022705078125,54.57175827026367,84.07118225097656,321.7592468261719,25.78125
6.69053840637207,28.564815521240234,5.182870388031006,1529.5181884765625,54.74536895751953,68.57638549804689,325.23147583007807,25.75520896911621
6.69053840637207,29.699073791503906,5.164351940155028,1529.5181884765625,54.542823791503906,63.62847137451172,361.5740661621094,25.52083396911621
6.69053840637207,29.98842620849609,5.143518447875977,1529.939208984375,53.53009414672852,73.56771087646483,323.9583435058594,25.36458396911621
6.69053840637207,29.58333396911621,5.148148059844971,1529.5181884765625,54.71643447875977,70.26909637451172,235.76388549804688,25.390625
6.69053840637207,28.68055534362793,5.182870388031006,1527.834228515625,54.36921310424805,71.484375,299.4212951660156,25.36458396911621
6.692708492279053,29.09722137451172,5.206018447875977,1529.5181884765625,53.93518447875977,79.86111450195312,359.9537048339844,25.15625
6.69053840637207,29.97685241699219,5.208333492279053,1528.2552490234375,53.41435241699218,78.21180725097656,278.24075317382807,25.10416603088379
6.69053840637207,28.96990776062012,5.1712961196899405,1528.2552490234375,53.90625,82.11805725097656,289.004638671875,24.94791603088379
6.68836784362793,29.87268447875977,5.173611164093018,1529.939208984375,55.17939758300781,74.30555725097656,274.8842468261719,24.97395896911621
6.68836784362793,29.96527862548828,5.173611164093018,1529.5181884765625,55.58449172973633,76.77951049804686,280.3240661621094,24.73958396911621
6.69053840637207,29.80323982238769,5.182870388031006,1528.67626953125,54.19560241699218,76.9965286254883,317.8240661621094,24.81770896911621
6.69053840637207,29.884260177612305,5.1712961196899405,1529.5181884765625,54.16666793823242,79.03646087646483,286.8055419921875,24.609375
6.69053840637207,30.0,5.185184955596924,1528.67626953125,54.71643447875977,84.72222137451173,313.5416564941406,24.66145896911621
6.69053840637207,29.67592620849609,5.173611164093018,1528.2552490234375,54.77430725097656,61.58854293823242,324.7685241699219,24.53125
6.69053840637207,30.52083396911621,5.203703880310059,1531.2022705078125,53.84838104248047,84.85243225097656,313.0787048339844,24.375
6.694878578186035,29.861110687255856,5.173611164093018,1529.939208984375,53.84838104248047,78.9496536254883,259.49075317382807,24.32291603088379
6.69053840637207,30.10416603088379,5.1875,1530.3602294921875,53.84838104248047,76.953125,348.2638854980469,24.24479103088379
6.694878578186035,30.011573791503906,5.189815044403076,1531.2022705078125,54.91897964477539,74.52256774902342,281.9444580078125,24.16666603088379
6.69053840637207,30.27777862548828,5.175925731658936,1531.623291015625,54.97685241699218,80.98958587646483,332.0601806640625,24.03645896911621
6.692708492279053,29.502315521240234,5.182870388031006,1532.46533203125,53.53009414672852,68.79340362548828,233.21759033203125,23.984375
6.69053840637207,29.66435241699219,5.201388835906982,1530.3602294921875,53.41435241699218,88.62847137451173,292.9398193359375,23.88020896911621
6.69053840637207,30.046297073364254,4.622684955596924,1531.623291015625,54.80324172973633,82.4652786254883,348.6111145019531,24.03645896911621
6.694878578186035,29.6875,4.63194465637207,1532.0443115234375,54.86111068725586,73.95833587646483,284.60647583007807,23.85416603088379
6.692708492279053,29.293981552124023,4.581018447875977,1534.9913330078125,53.70370483398438,63.19444274902344,297.8009338378906,23.59375
6.692708492279053,29.51388931274414,4.6990742683410645,1536.25439453125,53.18286895751953,74.17534637451173,301.8518371582031,23.56770896911621
6.69053840637207,29.421297073364254,4.722222328186035,1535.412353515625,53.06713104248047,107.421875,328.35647583007807,23.56770896911621
6.69053840637207,29.814815521240234,4.710648059844971,1533.728271484375,54.89004516601562,74.95659637451173,312.73147583007807,23.46354103088379
6.692708492279053,29.432870864868164,4.6990742683410645,1530.78125,53.81944274902344,70.57291412353516,332.40740966796875,23.25520896911621
6.68836784362793,29.34027862548828,4.703703880310059,1530.3602294921875,53.47222137451172,82.50868225097656,341.6666564941406,23.203125
6.69053840637207,29.97685241699219,4.715277671813965,1531.623291015625,53.24074172973633,85.5902786254883,308.4490661621094,23.17708396911621
6.69053840637207,29.421297073364254,4.717592716217041,1531.2022705078125,54.16666793823242,79.07986450195312,325.34722900390625,23.15104103088379
6.69053840637207,29.44444465637207,4.719907283782959,1530.78125,53.64583206176758,73.61111450195312,247.4537048339844,23.02083396911621
6.692708492279053,29.108797073364254,4.708333492279053,1531.623291015625,53.2696762084961,72.56944274902342,300.9259338378906,22.94270896911621
6.692708492279053,29.66435241699219,4.708333492279053,1531.623291015625,52.80671310424805,87.28298950195312,350.5787048339844,22.86458396911621
6.69053840637207,30.196760177612305,4.75,1531.2022705078125,54.07986068725586,94.48784637451172,309.2592468261719,22.890625
6.69053840637207,29.82638931274414,4.731481552124024,1530.78125,55.64236068725586,66.27603912353516,344.6759338378906,22.78645896911621
6.68836784362793,29.6875,4.740740776062012,1531.2022705078125,54.10879516601562,89.23611450195312,256.59722900390625,22.65625
6.694878578186035,29.120370864868164,4.763888835906982,1532.0443115234375,53.79050827026367,68.09896087646486,315.85647583007807,22.60416603088379
6.694878578186035,29.96527862548828,4.724536895751953,1530.3602294921875,53.32754516601562,79.64409637451173,292.129638671875,22.52604103088379
6.68836784362793,29.745370864868164,4.724536895751953,1530.78125,54.28240585327149,86.7621536254883,340.74075317382807,22.473958969116207
6.694878578186035,29.745370864868164,4.74305534362793,1530.3602294921875,53.93518447875977,78.08159637451173,312.15277099609375,22.473958969116207
6.69053840637207,29.89583396911621,4.773148059844971,1528.67626953125,53.21180725097656,78.73263549804686,303.35647583007807,22.29166603088379
6.69053840637207,30.25462913513184,4.706018447875977,1528.67626953125,53.00925827026367,69.18402862548828,326.0416564941406,22.36979103088379
6.69053840637207,30.53240776062012,4.754629611968993,1528.67626953125,54.10879516601562,90.06076049804686,339.6990661621094,22.29166603088379
6.69053840637207,30.97222137451172,4.759259223937988,1528.67626953125,54.94791793823242,68.79340362548828,235.4166717529297,22.265625
6.69053840637207,30.509260177612305,4.75,1528.2552490234375,54.542823791503906,71.65798950195312,296.2962951660156,22.083333969116207
6.68836784362793,30.20833396911621,4.75694465637207,1528.67626953125,54.19560241699218,84.8090286254883,329.28240966796875,22.083333969116207
6.69053840637207,30.45138931274414,4.747684955596924,1528.2552490234375,53.32754516601562,84.375,337.84722900390625,22.05729103088379
6.692708492279053,30.64814758300781,4.777777671813965,1528.67626953125,54.13772964477539,89.4965286254883,336.2268371582031,21.97916603088379
6.69053840637207,30.64814758300781,4.782407283782959,1529.5181884765625,54.10879516601562,72.87326049804686,324.7685241699219,22.083333969116207
6.69053840637207,30.173610687255856,4.784722328186035,1528.67626953125,54.10879516601562,72.87326049804686,320.1388854980469,21.848958969116207
6.692708492279053,31.099536895751953,4.775463104248047,1529.09716796875,53.81944274902344,77.08333587646483,250.2314758300781,21.848958969116207
6.68836784362793,31.07638931274414,4.766203880310059,1528.67626953125,53.84838104248047,89.84375,328.8194580078125,21.90104103088379
6.692708492279053,30.856481552124023,5.252315044403076,1529.5181884765625,54.28240585327149,89.32291412353516,343.5185241699219,21.692708969116207
6.692708492279053,30.057870864868164,5.270833492279053,1528.2552490234375,53.93518447875977,90.53819274902345,346.6435241699219,21.58854103088379
6.69053840637207,30.06944465637207,5.273148059844971,1529.09716796875,53.70370483398438,82.76909637451173,326.3888854980469,21.614583969116207
6.69053840637207,30.196760177612305,5.280092716217041,1529.09716796875,53.44328689575195,87.32638549804686,284.1435241699219,21.458333969116207
6.69053840637207,29.94212913513184,5.206018447875977,1529.5181884765625,53.73263931274414,69.57465362548828,295.370361328125,21.58854103088379
6.69053840637207,26.111110687255856,5.215277671813965,1528.67626953125,53.67477035522461,76.43228912353516,361.5740661621094,21.66666603088379
6.68836784362793,29.58333396911621,5.212963104248047,1528.2552490234375,53.41435241699218,85.72048950195312,238.7731475830078,21.458333969116207
6.68836784362793,29.768518447875977,5.18055534362793,1527.834228515625,54.19560241699218,80.72916412353516,303.24075317382807,21.536458969116207
6.69053840637207,30.34722137451172,5.222222328186035,1528.67626953125,54.25347137451172,79.51388549804686,329.629638671875,21.51041603088379
6.69053840637207,30.324073791503906,5.229166507720947,1530.3602294921875,54.48495483398438,63.80208206176758,315.97222900390625,21.458333969116207
6.686197757720947,29.82638931274414,5.217592716217041,1532.0443115234375,54.36921310424805,76.25868225097656,245.94908142089844,21.25
6.68836784362793,30.06944465637207,5.240740776062012,1530.78125,54.45602035522461,84.20138549804686,319.90740966796875,21.19791603088379
6.68836784362793,29.93055534362793,5.240740776062012,1530.78125,54.31134414672852,70.3125,304.629638671875,21.19791603088379
6.68836784362793,29.328702926635746,5.210648059844971,1529.5181884765625,54.28240585327149,69.35763549804689,327.77777099609375,21.19791603088379
6.684027671813965,29.36342620849609,5.222222328186035,1530.3602294921875,54.25347137451172,70.48611450195312,320.1388854980469,21.19791603088379
6.68836784362793,29.108797073364254,5.24305534362793,1531.623291015625,53.81944274902344,76.73611450195312,253.58796691894528,21.09375
6.68836784362793,29.05092620849609,5.247684955596924,1532.0443115234375,53.79050827026367,76.77951049804686,307.5231628417969,21.067708969116207
6.686197757720947,31.52777862548828,5.3125,1534.5703125,53.81944274902344,90.625,338.5416564941406,21.04166603088379
6.686197757720947,28.530092239379886,5.3125,1532.46533203125,54.48495483398438,81.81423950195312,289.46759033203125,21.015625
6.68836784362793,29.97685241699219,5.3125,1533.728271484375,54.45602035522461,69.83506774902344,151.15740966796875,20.9375
6.68836784362793,29.328702926635746,5.335648059844971,1533.728271484375,53.44328689575195,92.10069274902345,257.1759338378906,21.11979103088379
6.686197757720947,28.981481552124023,5.263888835906982,1533.728271484375,53.61689758300781,92.05728912353516,113.19444274902344,20.88541603088379
6.692708492279053,28.40277862548828,5.25694465637207,1532.88623046875,54.80324172973633,84.20138549804686,68.86573791503906,20.911458969116207
6.692708492279053,28.40277862548828,5.273148059844971,1532.88623046875,55.20833206176758,62.71701431274414,334.02777099609375,21.067708969116207
6.697048664093018,28.46064758300781,5.215277671813965,1540.46435546875,54.86111068725586,63.62847137451172,317.59259033203125,20.911458969116207
6.694878578186035,28.86573982238769,5.3240742683410645,1534.5703125,54.45602035522461,85.32986450195312,292.7083435058594,20.88541603088379
6.692708492279053,29.236110687255856,5.282407283782959,1534.1492919921875,54.60069274902344,72.61284637451173,242.2453765869141,20.911458969116207
6.692708492279053,28.46064758300781,5.252315044403076,1534.1492919921875,56.30786895751953,68.22916412353516,311.34259033203125,20.833333969116207
6.694878578186035,28.99305534362793,5.289351940155028,1532.88623046875,56.07638931274414,59.41840362548828,167.24537658691406,20.520833969116207
6.694878578186035,28.078702926635746,5.2615742683410645,1532.46533203125,54.6875,64.53993225097656,217.59259033203125,20.625
6.692708492279053,28.449073791503906,5.275463104248047,1532.46533203125,53.99305725097656,87.76041412353516,354.5138854980469,20.677083969116207
6.692708492279053,28.11342620849609,5.300925731658936,1531.623291015625,54.89004516601562,78.29861450195312,318.86575317382807,20.677083969116207
6.69053840637207,28.27546310424805,5.310184955596924,1534.1492919921875,54.91897964477539,64.0625,293.28704833984375,20.598958969116207
6.694878578186035,28.72685241699219,5.310184955596924,1532.88623046875,54.42708206176758,61.97916793823242,323.379638671875,20.57291603088379
6.692708492279053,29.93055534362793,5.3125,1533.3072509765625,53.87731552124024,65.92881774902344,256.48147583007807,20.57291603088379
6.69053840637207,28.668981552124023,5.314815044403076,1529.939208984375,54.0509262084961,67.75173950195314,205.4398193359375,20.546875
6.692708492279053,27.974536895751953,5.2962961196899405,1531.623291015625,54.74536895751953,55.29513931274414,354.1666564941406,20.57291603088379
6.692708492279053,30.092592239379886,5.31944465637207,1533.3072509765625,55.00578689575195,70.44271087646484,366.7824096679688,20.46875
6.692708492279053,29.05092620849609,5.303240776062012,1532.46533203125,54.19560241699218,60.63368225097656,315.16204833984375,20.57291603088379
6.692708492279053,27.83564758300781,5.303240776062012,1533.728271484375,53.99305725097656,62.36979293823242,281.25,20.57291603088379
6.697048664093018,30.28935241699219,5.303240776062012,1532.46533203125,54.10879516601562,70.65972137451172,174.5370330810547,20.65104103088379
6.692708492279053,29.44444465637207,5.307870388031006,1532.46533203125,54.97685241699218,75.0434036254883,181.8287048339844,20.755208969116207
6.692708492279053,28.85416603088379,5.321759223937988,1532.0443115234375,55.38194274902344,69.61805725097656,326.8518371582031,20.49479103088379
6.692708492279053,29.571760177612305,5.289351940155028,1534.9913330078125,55.78703689575195,58.50694274902344,307.1759338378906,20.546875
6.697048664093018,29.36342620849609,5.328703880310059,1534.1492919921875,55.43981552124024,62.54340362548828,350.5787048339844,20.442708969116207
6.697048664093018,28.564815521240234,5.30555534362793,1535.412353515625,55.64236068725586,56.77083206176758,310.53240966796875,20.546875
6.692708492279053,28.65740776062012,5.30555534362793,1534.1492919921875,55.64236068725586,54.38368225097656,256.48147583007807,20.41666603088379
6.692708492279053,27.74305534362793,5.291666507720947,1532.88623046875,55.38194274902344,52.90798568725586,350.11575317382807,20.49479103088379
6.692708492279053,28.125,5.3125,1532.46533203125,54.74536895751953,60.63368225097656,329.28240966796875,20.364583969116207
6.697048664093018,27.74305534362793,5.273148059844971,1532.88623046875,54.8321762084961,59.41840362548828,286.8055419921875,20.286458969116207
6.692708492279053,27.361110687255856,5.277777671813965,1532.46533203125,54.80324172973633,63.45486068725586,241.8981475830078,20.364583969116207
6.697048664093018,27.233797073364254,5.273148059844971,1532.46533203125,54.89004516601562,57.50868225097656,357.2916564941406,20.26041603088379
6.694878578186035,28.842592239379886,4.710648059844971,1534.5703125,54.07986068725586,63.93229293823242,355.78704833984375,20.364583969116207
6.692708492279053,27.12962913513184,4.736111164093018,1532.46533203125,54.19560241699218,61.97916793823242,324.3055419921875,20.364583969116207
6.692708492279053,27.233797073364254,4.791666507720947,1534.1492919921875,55.52661895751953,55.64236068725586,243.05555725097656,20.364583969116207
6.692708492279053,26.875,4.800925731658936,1534.5703125,55.41088104248047,60.46006774902344,209.02777099609372,20.02604103088379
6.694878578186035,26.90972137451172,4.80555534362793,1534.5703125,54.62963104248047,57.50868225097656,328.7037048339844,20.18229103088379
6.694878578186035,26.21527862548828,4.810184955596924,1532.88623046875,54.19560241699218,57.03125,281.36575317382807,20.208333969116207
6.694878578186035,26.58564758300781,4.800925731658936,1535.412353515625,54.34027862548828,81.85763549804686,191.8981475830078,20.18229103088379
6.694878578186035,25.65972137451172,4.773148059844971,1533.3072509765625,54.89004516601562,74.47916412353516,197.4537048339844,20.234375
6.69053840637207,26.59722137451172,4.807870388031006,1531.623291015625,54.6875,68.01215362548828,263.4259338378906,20.052083969116207
6.694878578186035,26.67823982238769,4.793981552124024,1532.46533203125,54.31134414672852,54.86111068725586,327.66204833984375,20.10416603088379
6.692708492279053,26.296297073364254,4.782407283782959,1534.1492919921875,53.67477035522461,50.73784637451172,257.5231628417969,20.130208969116207
6.6796875,26.94444465637207,4.817129611968993,1532.88623046875,56.07638931274414,49.17534637451172,298.9583435058594,20.18229103088379
6.681857585906982,25.65972137451172,4.800925731658936,1532.0443115234375,56.53935241699218,52.95138931274414,293.1712951660156,20.0
6.6796875,26.018518447875977,4.782407283782959,1532.46533203125,56.48147964477539,40.58159637451172,271.6435241699219,20.078125
6.6796875,26.377315521240234,4.7962961196899405,1534.5703125,55.38194274902344,47.78645706176758,234.14352416992188,20.10416603088379
6.681857585906982,26.793981552124023,4.8125,1531.623291015625,55.00578689575195,55.25173568725586,306.71295166015625,20.130208969116207
6.681857585906982,26.55092620849609,4.831018447875977,1530.3602294921875,55.20833206176758,43.83680725097656,293.86575317382807,20.208333969116207
6.6796875,26.70138931274414,4.81944465637207,1530.3602294921875,56.22106552124024,48.95833206176758,198.03240966796875,20.130208969116207
6.681857585906982,26.446760177612305,4.842592716217041,1530.78125,55.55555725097656,46.78819274902344,313.65740966796875,20.10416603088379
6.681857585906982,26.643518447875977,4.821759223937988,1530.3602294921875,55.49768447875977,40.84201431274415,307.2916564941406,20.052083969116207
6.664496421813965,26.689815521240234,4.817129611968993,1530.3602294921875,56.45254516601562,43.48958206176758,237.26852416992188,20.10416603088379
6.664496421813965,26.58564758300781,4.826388835906982,1533.3072509765625,55.87384414672852,31.98784637451172,301.7361145019531,20.10416603088379
6.664496421813965,26.50462913513184,4.840277671813965,1532.46533203125,54.80324172973633,54.60069274902344,332.754638671875,20.234375
6.666666507720947,26.134260177612305,4.840277671813965,1532.88623046875,55.43981552124024,44.401042938232415,312.5,20.26041603088379
6.664496421813965,25.72916603088379,4.826388835906982,1533.3072509765625,55.49768447875977,37.02256774902344,277.6620483398437,20.18229103088379
6.664496421813965,25.856481552124023,4.8125,1534.1492919921875,55.55555725097656,54.73090362548828,248.26388549804688,20.208333969116207
6.66883659362793,25.87962913513184,4.844907283782959,1534.1492919921875,55.12152862548828,36.41493225097656,257.2916564941406,20.052083969116207
6.66883659362793,25.18518447875977,4.777777671813965,1534.9913330078125,54.89004516601562,38.62847137451172,227.43055725097656,20.052083969116207
6.67100715637207,25.34722137451172,4.854166507720947,1534.5703125,54.542823791503906,37.58680725097656,378.4722290039063,20.18229103088379
6.66883659362793,25.24305534362793,4.831018447875977,1535.8333740234375,55.12152862548828,38.32465362548828,314.6990661621094,20.234375
6.673177242279053,25.83333396911621,4.8125,1535.412353515625,55.20833206176758,45.39930725097656,262.73147583007807,19.895833969116207
6.673177242279053,25.752315521240234,5.25694465637207,1534.1492919921875,54.77430725097656,50.390625,344.4444580078125,19.94791603088379
6.67100715637207,17.893518447875977,5.307870388031006,1532.46533203125,54.34027862548828,53.94965362548828,228.24073791503903,19.86979103088379
6.673177242279053,22.60416603088379,5.317129611968993,1534.1492919921875,54.45602035522461,53.34201431274414,347.33795166015625,19.895833969116207
6.675347328186035,22.453702926635746,5.293981552124024,1532.0443115234375,54.97685241699218,31.640625,325.8101806640625,19.921875
6.675347328186035,24.814815521240234,5.31944465637207,1532.88623046875,54.77430725097656,32.16145706176757,277.8935241699219,19.765625
6.673177242279053,25.578702926635746,5.31944465637207,1533.728271484375,55.35300827026367,38.45486068725585,286.9212951660156,19.817708969116207
6.67100715637207,25.370370864868164,5.342592716217041,1532.88623046875,54.60069274902344,40.53819274902344,332.40740966796875,19.895833969116207
6.67100715637207,24.83796310424805,5.331018447875977,1532.46533203125,55.23727035522461,50.56423568725586,266.20370483398443,19.895833969116207
6.67100715637207,24.94212913513184,5.31944465637207,1532.88623046875,55.35300827026367,38.28125,328.24075317382807,19.84375
6.67100715637207,25.509260177612305,5.298611164093018,1534.5703125,54.45602035522461,39.84375,167.7083282470703,19.817708969116207
6.67100715637207,25.34722137451172,5.303240776062012,1534.9913330078125,54.542823791503906,44.22743225097656,292.9398193359375,19.84375
6.67100715637207,25.821760177612305,5.30555534362793,1532.46533203125,55.03472137451172,28.515625,254.1666717529297,19.84375
6.673177242279053,25.474536895751953,5.3240742683410645,1535.8333740234375,55.84490585327149,36.89236068725585,232.1759185791016,20.078125
6.67100715637207,25.52083396911621,5.289351940155028,1534.1492919921875,57.40740585327149,29.470485687255856,157.2916717529297,19.94791603088379
6.67100715637207,24.61805534362793,5.314815044403076,1535.412353515625,56.91550827026367,21.74479103088379,250.8101806640625,19.94791603088379
6.677517414093018,25.41666603088379,5.335648059844971,1531.2022705078125,57.49421310424805,29.6875,321.1805419921875,19.921875
6.67100715637207,3.784722328186035,5.300925731658936,1532.46533203125,57.03125,37.93402862548828,217.36111450195312,19.895833969116207
6.66883659362793,25.33564758300781,5.3125,1533.728271484375,58.53588104248047,29.25347137451172,13.88888931274414,19.921875
6.67100715637207,24.814815521240234,5.310184955596924,1533.3072509765625,58.42013931274414,23.220485687255856,352.4305419921875,20.078125
6.675347328186035,24.467592239379886,5.2962961196899405,1532.46533203125,58.07291793823242,41.97048568725585,315.3935241699219,20.052083969116207
6.675347328186035,25.91435241699219,5.310184955596924,1532.88623046875,57.52314758300781,39.23611068725585,328.8194580078125,19.973958969116207
6.677517414093018,25.405092239379886,5.310184955596924,1534.5703125,57.34953689575195,12.369791984558105,289.3518371582031,20.052083969116207
6.675347328186035,25.69444465637207,5.291666507720947,1534.1492919921875,58.18865585327149,24.43576431274414,242.01388549804688,19.84375
6.675347328186035,25.486110687255856,5.307870388031006,1532.46533203125,58.33333206176758,26.69270896911621,311.2268371582031,19.817708969116207
6.6796875,25.891202926635746,5.331018447875977,1532.46533203125,57.58102035522461,26.82291603088379,256.25,20.0
6.675347328186035,25.83333396911621,5.300925731658936,1532.88623046875,56.77083206176758,13.06423568725586,259.72222900390625,19.86979103088379
6.675347328186035,25.86805534362793,5.289351940155028,1531.2022705078125,56.65509414672852,50.65104293823242,348.379638671875,19.79166603088379
6.677517414093018,25.543981552124023,5.291666507720947,1529.5181884765625,55.55555725097656,32.46527862548828,240.74073791503903,19.84375
6.677517414093018,25.74073982238769,5.284722328186035,1532.88623046875,55.06365585327149,35.19965362548828,307.5231628417969,19.817708969116207
6.677517414093018,26.86342620849609,5.2962961196899405,1532.88623046875,54.77430725097656,26.736110687255856,302.8935241699219,19.895833969116207
6.675347328186035,28.10185241699219,5.3125,1532.88623046875,55.58449172973633,54.77430725097656,354.1666564941406,19.86979103088379
6.675347328186035,28.73842620849609,5.2962961196899405,1533.3072509765625,55.78703689575195,11.458333015441895,320.1388854980469,19.86979103088379
6.675347328186035,28.611110687255856,5.321759223937988,1532.0443115234375,54.80324172973633,12.456597328186035,268.6342468261719,19.79166603088379
6.675347328186035,28.391202926635746,5.307870388031006,1533.3072509765625,54.57175827026367,25.43402862548828,302.3148193359375,19.94791603088379
6.673177242279053,28.57638931274414,5.298611164093018,1532.0443115234375,55.43981552124024,25.73784637451172,309.9537048339844,20.02604103088379
6.675347328186035,28.125,5.291666507720947,1532.46533203125,57.26272964477539,20.61631965637207,344.5601806640625,20.052083969116207
6.673177242279053,28.73842620849609,5.298611164093018,1532.88623046875,57.8125,22.52604103088379,291.6666564941406,19.94791603088379
6.677517414093018,27.870370864868164,5.291666507720947,1533.3072509765625,57.55208206176758,21.35416603088379,268.75,20.052083969116207
6.675347328186035,28.26388931274414,5.307870388031006,1532.46533203125,56.68402862548828,23.220485687255856,246.64352416992188,19.973958969116207
6.675347328186035,28.34490776062012,5.3240742683410645,1532.88623046875,57.84143447875977,23.17708396911621,296.2962951660156,20.10416603088379
6.675347328186035,27.25694465637207,5.326388835906982,1534.5703125,58.79629516601562,21.484375,234.83796691894528,20.10416603088379
6.675347328186035,27.48842620849609,5.31944465637207,1534.5703125,57.84143447875977,21.13715362548828,302.5462951660156,20.15625
6.675347328186035,27.002315521240234,5.273148059844971,1534.9913330078125,57.63888931274414,21.09375,304.629638671875,20.15625
6.675347328186035,27.25694465637207,5.263888835906982,1532.88623046875,55.84490585327149,27.25694465637207,259.60647583007807,20.052083969116207
6.673177242279053,26.446760177612305,5.268518447875977,1530.78125,56.45254516601562,12.67361068725586,322.4537048339844,20.208333969116207
6.675347328186035,27.29166603088379,5.2962961196899405,1532.0443115234375,56.62615585327149,42.01388931274415,226.73611450195312,20.234375
6.675347328186035,26.00694465637207,5.289351940155028,1532.88623046875,56.36574172973633,28.21180534362793,316.6666564941406,20.26041603088379
6.677517414093018,26.35416603088379,5.287036895751953,1532.0443115234375,56.56828689575195,26.345485687255856,238.7731475830078,20.33854103088379
6.6796875,26.099536895751953,5.300925731658936,1533.728271484375,56.82870483398438,11.458333015441895,263.07870483398443,20.41666603088379
6.675347328186035,26.58564758300781,5.3125,1533.3072509765625,57.11805725097656,20.3125,299.65277099609375,20.41666603088379
6.675347328186035,26.956018447875977,5.314815044403076,1532.46533203125,57.63888931274414,21.00694465637207,294.3287048339844,20.546875
6.675347328186035,27.53472137451172,5.280092716217041,1532.46533203125,57.40740585327149,21.83159637451172,246.64352416992188,20.546875
6.675347328186035,26.608797073364254,5.263888835906982,1532.88623046875,57.60995483398438,20.833333969116207,234.375,20.625
6.673177242279053,26.412036895751953,4.701388835906982,1533.3072509765625,57.32060241699218,0.0,320.6018371582031,20.625
6.675347328186035,27.037036895751953,4.722222328186035,1532.88623046875,57.98611068725586,7.552083492279053,310.53240966796875,20.546875
6.675347328186035,27.037036895751953,4.682870388031006,1532.0443115234375,57.34953689575195,17.447916030883786,305.2083435058594,20.546875
6.675347328186035,26.78240776062012,4.814815044403076,1532.46533203125,57.43634414672852,8.28993034362793,290.16204833984375,20.364583969116207
6.6796875,26.90972137451172,4.798611164093018,1532.88623046875,58.07291793823242,0.0,229.51388549804688,20.33854103088379
6.673177242279053,26.446760177612305,4.759259223937988,1529.939208984375,57.9571762084961,25.26041603088379,235.76388549804688,20.364583969116207
6.675347328186035,26.27314758300781,4.81944465637207,1530.3602294921875,58.53588104248047,25.13020896911621,236.22685241699216,20.49479103088379
6.675347328186035,27.17592620849609,4.826388835906982,1530.3602294921875,58.30439758300781,6.72743034362793,314.004638671875,20.46875
6.677517414093018,26.71296310424805,4.807870388031006,1532.88623046875,57.06018447875977,117.66493225097656,254.28240966796875,20.33854103088379
6.677517414093018,26.40046310424805,4.826388835906982,1534.1492919921875,54.86111068725586,93.61978912353516,251.6203765869141,20.10416603088379
6.675347328186035,26.05323982238769,4.800925731658936,1532.88623046875,54.42708206176758,78.47222137451173,189.00462341308597,20.10416603088379
6.673177242279053,25.74073982238769,4.787036895751953,1532.46533203125,54.34027862548828,80.77256774902342,302.8935241699219,20.15625
6.677517414093018,26.689815521240234,4.780092716217041,1532.0443115234375,54.25347137451172,81.25,239.69908142089844,20.078125
6.675347328186035,26.261573791503906,4.777777671813965,1532.46533203125,54.71643447875977,80.33853912353516,231.01852416992188,20.208333969116207
6.675347328186035,25.86805534362793,4.768518447875977,1532.88623046875,54.57175827026367,119.921875,317.3611145019531,19.94791603088379
6.673177242279053,26.886573791503906,4.789351940155028,1531.623291015625,54.62963104248047,82.20486450195312,241.08796691894528,19.94791603088379
6.673177242279053,27.06018447875977,4.7962961196899405,1532.46533203125,54.28240585327149,84.33159637451173,186.9212951660156,19.973958969116207
6.677517414093018,25.891202926635746,4.80555534362793,1532.46533203125,55.84490585327149,76.9965286254883,63.19444274902344,19.921875
6.677517414093018,26.134260177612305,4.7615742683410645,1533.3072509765625,55.81597137451172,84.4184036254883,237.26852416992188,20.02604103088379
6.675347328186035,25.671297073364254,4.7615742683410645,1532.88623046875,55.49768447875977,69.44444274902344,339.120361328125,19.79166603088379
6.675347328186035,26.53935241699219,4.773148059844971,1534.9913330078125,55.00578689575195,70.83333587646484,274.7685241699219,19.6875
6.675347328186035,25.97222137451172,4.773148059844971,1534.9913330078125,54.74536895751953,95.13888549804688,105.78704071044922,19.661458969116207
6.677517414093018,25.60185241699219,4.770833492279053,1534.5703125,55.20833206176758,78.03819274902342,167.9398193359375,19.765625
6.673177242279053,23.078702926635746,4.773148059844971,1534.5703125,54.94791793823242,86.54513549804686,326.504638671875,19.63541603088379
6.675347328186035,25.983797073364254,4.74305534362793,1534.9913330078125,54.60069274902344,75.08680725097656,84.25926208496094,19.427083969116207
6.6796875,24.36342620849609,4.766203880310059,1535.412353515625,53.93518447875977,87.890625,333.6805419921875,19.55729103088379
6.6796875,20.625,4.780092716217041,1535.412353515625,55.12152862548828,78.86284637451173,327.4305419921875,19.53125
6.675347328186035,25.92592620849609,4.780092716217041,1537.0963134765625,54.51388931274414,77.734375,3.9351851940155034,19.375
6.675347328186035,22.731481552124023,4.780092716217041,1536.25439453125,53.90625,95.65972137451172,332.1759338378906,19.47916603088379
6.675347328186035,25.27777862548828,4.787036895751953,1536.67529296875,54.19560241699218,91.40625,256.1342468261719,19.270833969116207
6.675347328186035,20.046297073364254,4.740740776062012,1536.25439453125,54.542823791503906,71.74478912353516,54.51388931274414,19.21875
6.677517414093018,23.530092239379886,4.782407283782959,1536.25439453125,54.74536895751953,63.75868225097656,304.28240966796875,19.40104103088379
6.675347328186035,22.048610687255856,5.284722328186035,1535.8333740234375,54.10879516601562,88.88888549804686,320.1388854980469,19.24479103088379
6.675347328186035,17.650463104248047,5.24305534362793,1537.517333984375,53.73263931274414,92.10069274902345,348.9583435058594,19.24479103088379
6.675347328186035,24.537036895751953,5.25,1536.67529296875,54.34027862548828,98.17708587646484,298.9583435058594,19.24479103088379
6.675347328186035,26.21527862548828,5.215277671813965,1535.8333740234375,56.105323791503906,65.84201049804689,260.995361328125,19.24479103088379
6.675347328186035,26.74768447875977,5.2615742683410645,1534.9913330078125,55.93171310424805,80.38194274902342,306.8287048339844,19.270833969116207
6.675347328186035,26.331018447875977,5.266203880310059,1535.412353515625,54.86111068725586,76.34548950195312,339.120361328125,19.192708969116207
6.675347328186035,27.60416603088379,5.240740776062012,1534.1492919921875,54.45602035522461,73.0902786254883,335.1851806640625,19.036458969116207
6.675347328186035,28.03240776062012,5.245370388031006,1534.1492919921875,54.34027862548828,83.33333587646483,311.34259033203125,19.036458969116207
6.677517414093018,27.88194465637207,5.212963104248047,1534.5703125,54.89004516601562,97.69965362548828,334.60647583007807,19.036458969116207
6.675347328186035,27.17592620849609,5.2337961196899405,1534.5703125,54.65856552124024,76.34548950195312,281.48147583007807,18.958333969116207
6.673177242279053,28.09027862548828,5.222222328186035,1536.67529296875,53.99305725097656,99.52256774902345,321.1805419921875,18.90625
6.673177242279053,28.36805534362793,5.245370388031006,1536.67529296875,53.32754516601562,100.390625,328.9351806640625,18.802083969116207
6.675347328186035,27.95138931274414,5.2615742683410645,1536.67529296875,54.10879516601562,100.82465362548828,275.34722900390625,18.880208969116207
6.675347328186035,27.557870864868164,5.236111164093018,1536.67529296875,53.58796310424805,94.05381774902345,258.9120483398437,18.69791603088379
6.675347328186035,28.703702926635746,5.25,1532.46533203125,52.80671310424805,93.53298950195312,304.745361328125,18.671875
6.6796875,28.10185241699219,5.226851940155028,1532.46533203125,53.29861068725586,122.96006774902344,303.58795166015625,18.69791603088379
6.6796875,28.03240776062012,5.224536895751953,1532.0443115234375,54.57175827026367,98.48090362548828,292.129638671875,18.723958969116207
6.675347328186035,27.71990776062012,5.236111164093018,1532.0443115234375,55.38194274902344,64.36631774902344,303.35647583007807,18.77604103088379
6.675347328186035,28.182870864868164,5.229166507720947,1533.3072509765625,55.06365585327149,94.48784637451172,251.96759033203125,18.671875
6.673177242279053,27.16435241699219,5.238425731658936,1532.46533203125,53.81944274902344,70.92013549804688,326.504638671875,18.645833969116207
6.675347328186035,26.77083396911621,5.2615742683410645,1533.3072509765625,53.29861068725586,121.00694274902344,253.58796691894528,18.61979103088379
6.675347328186035,27.546297073364254,5.25694465637207,1534.1492919921875,54.80324172973633,109.63541412353516,309.375,18.59375
6.677517414093018,26.481481552124023,5.240740776062012,1532.46533203125,54.45602035522461,87.32638549804686,344.3287048339844,18.515625
6.675347328186035,26.736110687255856,5.252315044403076,1533.728271484375,53.70370483398438,90.01736450195312,316.4351806640625,18.46354103088379
6.675347328186035,26.67823982238769,5.270833492279053,1534.1492919921875,52.92245483398438,109.72222137451172,315.5092468261719,18.489583969116207
6.675347328186035,25.891202926635746,5.259259223937988,1533.728271484375,53.55902862548828,93.75,317.245361328125,18.333333969116207
6.675347328186035,26.36573982238769,5.229166507720947,1532.88623046875,54.36921310424805,95.44271087646484,261.5740661621094,18.489583969116207
6.675347328186035,26.574073791503906,5.240740776062012,1532.46533203125,53.67477035522461,102.90798950195312,363.42593383789057,18.333333969116207
6.675347328186035,26.85185241699219,5.24305534362793,1533.3072509765625,52.95138931274414,107.68228912353516,300.5787048339844,18.38541603088379
6.675347328186035,26.05323982238769,5.215277671813965,1532.0443115234375,53.06713104248047,114.84375,299.65277099609375,18.255208969116207
6.677517414093018,27.08333396911621,5.210648059844971,1532.88623046875,54.25347137451172,93.83680725097656,276.96759033203125,18.255208969116207
6.675347328186035,26.412036895751953,5.245370388031006,1532.88623046875,53.58796310424805,94.48784637451172,302.5462951660156,18.177083969116207
6.677517414093018,26.31944465637207,5.236111164093018,1534.1492919921875,53.53009414672852,108.02951049804688,299.8842468261719,18.22916603088379
6.675347328186035,26.111110687255856,5.222222328186035,1534.5703125,53.99305725097656,108.85416412353516,327.0833435058594,18.22916603088379
6.675347328186035,26.89814758300781,5.231481552124024,1534.1492919921875,54.65856552124024,112.23958587646484,265.5092468261719,18.098958969116207
6.675347328186035,25.949073791503906,5.219907283782959,1534.1492919921875,55.324073791503906,98.30728912353516,275.57870483398443,18.255208969116207
6.675347328186035,26.956018447875977,5.206018447875977,1534.1492919921875,55.87384414672852,82.33506774902342,226.50462341308597,18.07291603088379
6.675347328186035,26.04166603088379,5.238425731658936,1537.9383544921875,54.97685241699218,75.69444274902342,261.2268371582032,18.046875
6.677517414093018,26.55092620849609,5.192129611968993,1534.5703125,53.58796310424805,90.49478912353516,278.8194580078125,17.99479103088379
6.673177242279053,26.307870864868164,5.226851940155028,1534.1492919921875,53.99305725097656,96.35416412353516,262.0370483398437,18.07291603088379
6.675347328186035,26.608797073364254,5.224536895751953,1536.25439453125,53.761573791503906,78.21180725097656,260.0694580078125,18.020833969116207
6.673177242279053,25.91435241699219,5.212963104248047,1536.25439453125,53.44328689575195,89.71353912353516,343.98147583007807,17.99479103088379
6.675347328186035,25.52083396911621,5.224536895751953,1536.67529296875,53.29861068725586,80.46875,219.6759185791016,17.890625
6.675347328186035,25.995370864868164,5.24305534362793,1537.517333984375,53.99305725097656,87.19618225097656,262.73147583007807,17.86458396911621
6.677517414093018,26.52777862548828,5.210648059844971,1534.1492919921875,54.62963104248047,92.53472137451172,337.2685241699219,17.99479103088379
6.675347328186035,26.921297073364254,5.231481552124024,1534.5703125,54.34027862548828,73.046875,276.620361328125,17.78645896911621
6.675347328186035,26.77083396911621,5.240740776062012,1532.88623046875,54.07986068725586,83.37673950195312,130.55555725097656,17.78645896911621
6.675347328186035,25.543981552124023,5.217592716217041,1536.25439453125,53.41435241699218,62.109375,191.6666717529297,17.68229103088379
6.677517414093018,26.94444465637207,5.196759223937988,1531.623291015625,54.31134414672852,97.65625,231.94444274902344,17.83854103088379
6.675347328186035,27.02546310424805,4.652777671813965,1532.46533203125,54.10879516601562,92.62152862548828,293.28704833984375,17.83854103088379
6.675347328186035,26.655092239379886,4.6365742683410645,1534.5703125,53.61689758300781,75.21701049804686,355.90277099609375,17.70833396911621
6.677517414093018,26.63194465637207,4.611111164093018,1532.88623046875,53.50115585327149,61.02430725097656,321.41204833984375,17.70833396911621
6.677517414093018,26.793981552124023,4.738425731658936,1534.1492919921875,53.70370483398438,76.86631774902342,264.3518371582031,17.60416603088379
6.6796875,27.581018447875977,4.69444465637207,1535.412353515625,54.10879516601562,77.86458587646483,252.3148193359375,17.60416603088379
6.675347328186035,27.002315521240234,4.724536895751953,1532.46533203125,54.28240585327149,63.49826431274414,179.62962341308594,17.70833396911621
6.677517414093018,27.037036895751953,4.710648059844971,1534.5703125,55.06365585327149,50.13020706176758,71.99073791503906,17.395833969116214
6.675347328186035,26.12268447875977,4.708333492279053,1533.728271484375,53.79050827026367,67.70833587646486,150.92591857910156,17.526041030883786
6.675347328186035,26.608797073364254,4.708333492279053,1534.9913330078125,53.87731552124024,65.58159637451172,324.53704833984375,17.65625
6.675347328186035,25.03472137451172,4.719907283782959,1534.1492919921875,53.96411895751953,39.19270706176758,305.2083435058594,17.552083969116214
6.675347328186035,26.608797073364254,4.708333492279053,1535.8333740234375,53.24074172973633,45.96354293823242,167.24537658691406,17.526041030883786
6.677517414093018,26.423610687255856,4.706018447875977,1535.8333740234375,53.21180725097656,72.96006774902342,339.120361328125,17.578125
6.673177242279053,27.858797073364254,4.703703880310059,1534.1492919921875,53.21180725097656,57.55208206176758,95.71759033203124,17.369791030883786
6.673177242279053,27.83564758300781,4.6875,1534.5703125,53.761573791503906,84.15798950195312,82.06018829345702,17.473958969116214
6.675347328186035,26.70138931274414,4.69444465637207,1534.5703125,53.81944274902344,61.45833206176758,315.16204833984375,17.421875
6.675347328186035,28.88888931274414,4.7337961196899405,1534.1492919921875,53.70370483398438,60.19965362548828,283.7962951660156,17.161458969116214
6.673177242279053,28.321760177612305,4.692129611968993,1534.9913330078125,53.03819274902344,57.89930725097656,251.0416717529297,17.34375
6.675347328186035,27.986110687255856,4.696759223937988,1534.9913330078125,54.25347137451172,83.984375,295.370361328125,17.369791030883786
6.673177242279053,27.71990776062012,4.706018447875977,1534.9913330078125,54.02199172973633,61.02430725097656,325.8101806640625,17.421875
6.6796875,27.418981552124023,4.696759223937988,1534.9913330078125,53.09606552124024,77.99478912353516,263.5416564941406,17.291666030883786
6.67100715637207,27.08333396911621,4.696759223937988,1534.9913330078125,53.125,63.71527862548828,219.44444274902344,17.1875
6.675347328186035,28.807870864868164,4.703703880310059,1534.9913330078125,52.86458206176758,63.671875,228.58796691894528,17.317708969116214
6.675347328186035,29.36342620849609,4.6990742683410645,1534.9913330078125,53.64583206176758,65.01736450195314,280.3240661621094,17.291666030883786
6.675347328186035,29.328702926635746,4.685184955596924,1535.412353515625,54.34027862548828,65.88541412353516,313.0787048339844,17.34375
6.675347328186035,30.3125,4.68055534362793,1534.5703125,54.16666793823242,55.94618225097656,315.27777099609375,17.265625
6.677517414093018,30.61342620849609,4.731481552124024,1534.5703125,53.73263931274414,52.08333206176758,315.97222900390625,17.291666030883786
6.6796875,29.571760177612305,4.696759223937988,1534.5703125,54.02199172973633,54.296875,315.625,17.265625
6.673177242279053,30.0,2.6365740299224854,1535.412353515625,54.25347137451172,10.503472328186037,288.8888854980469,17.473958969116214
6.675347328186035,31.25,2.8773148059844966,1534.5703125,53.64583206176758,19.270833969116207,222.9166717529297,17.447916030883786
6.675347328186035,30.34722137451172,2.8541667461395264,1534.5703125,55.49768447875977,15.104166984558105,252.5462951660156,17.526041030883786
6.675347328186035,30.0,2.942129611968994,1534.5703125,56.27893447875977,6.380208492279053,214.1203765869141,17.473958969116214
6.6796875,29.641202926635746,2.9236111640930176,1536.25439453125,56.16319274902344,0.0,318.1712951660156,17.5
6.675347328186035,29.6875,2.9212963581085205,1535.8333740234375,56.65509414672852,10.416666984558104,317.3611145019531,17.63020896911621
6.675347328186035,29.467592239379886,2.9398148059844966,1537.0963134765625,57.43634414672852,18.923610687255856,323.6111145019531,17.65625
6.673177242279053,29.34027862548828,2.9537036418914795,1537.9383544921875,58.07291793823242,1.3454861640930176,189.23611450195312,17.68229103088379
6.675347328186035,29.28240776062012,2.9768519401550293,1537.0963134765625,58.27546310424805,4.253472328186035,36.80555725097656,17.578125
6.675347328186035,29.66435241699219,3.006944417953491,1535.8333740234375,57.20486068725586,0.0,330.90277099609375,17.8125
6.675347328186035,29.328702926635746,2.9837963581085205,1532.0443115234375,57.34953689575195,13.932291984558105,321.6435241699219,17.86458396911621
6.677517414093018,28.946760177612305,2.9814815521240234,1532.88623046875,57.46527862548828,0.0,276.504638671875,17.96875
6.677517414093018,28.449073791503906,3.0162036418914795,1532.88623046875,57.667823791503906,0.0,247.22222900390625,17.94270896911621
6.675347328186035,28.09027862548828,3.0115740299224854,1534.5703125,57.58102035522461,8.246527671813965,281.0185241699219,17.96875
6.675347328186035,28.19444465637207,2.997685194015503,1532.46533203125,57.78356552124024,0.0,330.4398193359375,18.046875
6.673177242279053,27.939815521240234,3.0138888359069824,1532.88623046875,57.9571762084961,0.0,256.82870483398443,18.098958969116207
6.673177242279053,27.511573791503906,3.0231480598449707,1532.46533203125,57.78356552124024,0.0,218.51852416992188,18.22916603088379
6.675347328186035,28.009260177612305,3.037037134170532,1533.728271484375,57.78356552124024,4.253472328186035,242.9398193359375,18.22916603088379
6.6796875,27.75462913513184,3.018518447875977,1534.5703125,57.8125,0.0,224.1898193359375,18.28125
6.6796875,27.280092239379886,2.9328703880310054,1535.412353515625,58.07291793823242,0.0,259.2592468261719,18.671875
6.675347328186035,28.356481552124023,1.5972222089767456,1534.5703125,57.87036895751953,0.0,315.16204833984375,18.93229103088379
6.673177242279053,28.22916603088379,1.504629611968994,1535.412353515625,58.10185241699218,0.0,345.370361328125,19.192708969116207
6.675347328186035,24.02777862548828,1.5069444179534912,1535.412353515625,57.9571762084961,0.0,364.120361328125,19.427083969116207
6.677517414093018,29.34027862548828,1.5138888359069824,1534.5703125,57.87036895751953,0.0,340.97222900390625,19.40104103088379
6.677517414093018,27.986110687255856,1.4976851940155027,1533.728271484375,57.89930725097656,0.0,150.11573791503906,19.53125
6.673177242279053,29.24768447875977,1.5,1532.88623046875,58.01504516601562,0.0,314.46759033203125,20.02604103088379
6.675347328186035,29.34027862548828,1.4791666269302368,1532.46533203125,57.98611068725586,0.0,285.995361328125,20.208333969116207
6.6796875,29.20138931274414,1.4236111640930176,1532.88623046875,57.72569274902344,0.0,277.7777709960937,20.234375
6.675347328186035,29.75694465637207,1.4074074029922483,1532.46533203125,57.9571762084961,0.0,303.24075317382807,20.3125
6.675347328186035,29.49073982238769,1.3981481790542605,1532.88623046875,57.92824172973633,0.0,321.1805419921875,20.49479103088379
6.677517414093018,28.85416603088379,1.3865740299224854,1532.46533203125,58.07291793823242,0.0,282.1759338378906,20.598958969116207
6.675347328186035,28.99305534362793,1.3680555820465088,1532.46533203125,57.58102035522461,0.0,345.71759033203125,20.911458969116207
6.677517414093018,28.65740776062012,1.3657407760620115,1532.88623046875,57.8125,0.0,321.41204833984375,20.911458969116207
6.675347328186035,28.85416603088379,1.3634259700775146,1532.88623046875,58.15972137451172,0.0,333.3333435058594,21.067708969116207
6.675347328186035,29.108797073364254,1.3518518209457395,1532.88623046875,57.8125,0.0,310.879638671875,21.380208969116207
6.675347328186035,28.88888931274414,1.3657407760620115,1532.0443115234375,57.78356552124024,0.0,295.6018371582031,21.58854103088379
6.675347328186035,28.40277862548828,1.3819444179534912,1532.0443115234375,58.07291793823242,0.0,309.72222900390625,21.614583969116207
6.673177242279053,28.831018447875977,1.370370388031006,1532.88623046875,57.78356552124024,0.0,234.14352416992188,21.536458969116207
6.677517414093018,28.73842620849609,1.370370388031006,1532.88623046875,57.87036895751953,0.0,317.245361328125,21.796875
6.675347328186035,31.19212913513184,1.3680555820465088,1534.1492919921875,57.84143447875977,0.0,278.70370483398443,22.005208969116207
6.677517414093018,30.173610687255856,1.3657407760620115,1532.46533203125,57.75463104248047,0.0,287.96295166015625,22.1875
6.675347328186035,30.10416603088379,1.3726851940155027,1532.46533203125,57.89930725097656,0.0,303.9351806640625,22.21354103088379
6.677517414093018,29.699073791503906,1.3657407760620115,1532.46533203125,57.8125,0.0,300.0,22.421875
6.6796875,30.06944465637207,1.3680555820465088,1532.46533203125,57.87036895751953,0.0,204.3981475830078,22.578125
6.677517414093018,29.09722137451172,1.3726851940155027,1533.3072509765625,57.75463104248047,0.0,103.35648345947266,22.734375
6.675347328186035,29.52546310424805,1.370370388031006,1532.88623046875,57.72569274902344,0.0,228.125,22.83854103088379
6.675347328186035,29.02777862548828,1.3680555820465088,1532.0443115234375,57.63888931274414,0.0,198.61111450195312,22.68229103088379
6.675347328186035,28.99305534362793,1.3425925970077517,1534.1492919921875,57.667823791503906,0.0,285.1851806640625,22.94270896911621
6.675347328186035,29.606481552124023,1.331018567085266,1534.9913330078125,57.58102035522461,0.0,290.3935241699219,23.125
6.675347328186035,29.386573791503906,1.3333333730697632,1534.1492919921875,57.69675827026367,0.0,241.08796691894528,23.28125
6.6796875,28.611110687255856,1.432870388031006,1534.5703125,57.49421310424805,0.0,165.625,23.30729103088379
6.675347328186035,28.34490776062012,1.4236111640930176,1534.9913330078125,57.667823791503906,0.0,214.5833282470703,23.54166603088379
6.673177242279053,28.47222137451172,1.418981432914734,1535.8333740234375,57.63888931274414,0.0,301.15740966796875,23.75
6.6796875,28.02083396911621,1.421296238899231,1533.3072509765625,57.87036895751953,0.0,303.125,23.85416603088379
6.675347328186035,26.14583396911621,1.4282407760620115,1534.5703125,57.72569274902344,0.0,326.15740966796875,23.984375
6.677517414093018,28.668981552124023,1.0625,1535.412353515625,57.49421310424805,0.0,226.85185241699216,23.95833396911621
6.673177242279053,28.47222137451172,2.9513888359069824,1534.9913330078125,57.58102035522461,0.0,269.5601806640625,24.11458396911621
6.675347328186035,28.14814758300781,2.965277671813965,1534.1492919921875,57.49421310424805,0.0,313.8888854980469,24.296875
6.675347328186035,28.4375,2.956018447875977,1534.1492919921875,57.92824172973633,0.0,310.53240966796875,24.453125
6.677517414093018,28.47222137451172,2.969907522201538,1534.5703125,57.92824172973633,0.0,259.49075317382807,24.50520896911621
6.675347328186035,28.34490776062012,2.9837963581085205,1534.9913330078125,57.72569274902344,0.0,261.8055419921875,24.55729103088379
6.675347328186035,28.321760177612305,2.9837963581085205,1534.5703125,57.72569274902344,0.0,287.73147583007807,24.84375
6.675347328186035,29.21296310424805,2.9467592239379883,1534.5703125,57.40740585327149,0.0,307.6388854980469,25.10416603088379
6.677517414093018,28.4375,2.990740776062012,1534.5703125,57.69675827026367,0.0,337.5,25.10416603088379
6.675347328186035,24.56018447875977,2.993055582046509,1534.5703125,57.40740585327149,0.0,331.36575317382807,25.10416603088379
6.6796875,28.36805534362793,3.025462865829468,1534.5703125,57.32060241699218,0.0,187.0370330810547,25.234375
6.664496421813965,28.796297073364254,2.9189815521240234,1534.5703125,57.20486068725586,0.0,311.4583435058594,25.44270896911621
6.664496421813965,28.217592239379886,2.694444417953491,1534.9913330078125,57.49421310424805,0.0,296.0648193359375,25.625
6.664496421813965,28.90046310424805,2.569444417953491,1534.5703125,57.58102035522461,0.0,219.5601806640625,25.57291603088379
6.664496421813965,28.24073982238769,2.7013888359069824,1540.46435546875,57.63888931274414,0.0,308.4490661621094,25.75520896911621
6.662326335906982,29.08564758300781,2.7800924777984615,1536.67529296875,57.9571762084961,0.0,89.81481170654298,25.859375
6.664496421813965,28.483797073364254,2.7662036418914795,1536.25439453125,57.63888931274414,0.0,262.5,26.14583396911621
6.664496421813965,28.42592620849609,2.7361111640930176,1536.67529296875,57.52314758300781,0.0,301.15740966796875,26.11979103088379
6.664496421813965,28.26388931274414,2.782407522201538,1538.7803955078125,57.23379516601562,0.0,288.8888854980469,26.04166603088379
6.664496421813965,27.8125,2.756944417953491,1538.359375,57.29166793823242,0.0,299.0740661621094,26.171875
6.666666507720947,28.599536895751953,5.252315044403076,1538.359375,57.55208206176758,0.0,287.96295166015625,26.38020896911621
6.662326335906982,28.518518447875977,5.266203880310059,1534.5703125,57.49421310424805,0.0,306.1342468261719,26.51041603088379
6.662326335906982,28.65740776062012,5.268518447875977,1534.5703125,57.58102035522461,0.0,207.98611450195312,26.43229103088379
6.666666507720947,28.62268447875977,5.342592716217041,1534.5703125,57.46527862548828,0.0,225.34722900390625,26.71875
6.664496421813965,28.46064758300781,5.3125,1534.5703125,57.55208206176758,0.0,312.84722900390625,26.90104103088379
6.66883659362793,28.02083396911621,5.335648059844971,1535.8333740234375,57.58102035522461,0.0,299.4212951660156,27.16145896911621
6.664496421813965,29.606481552124023,5.342592716217041,1534.5703125,57.72569274902344,0.0,303.0092468261719,27.21354103088379
6.664496421813965,29.189815521240234,5.351851940155028,1535.412353515625,57.55208206176758,0.0,286.34259033203125,27.21354103088379
6.664496421813965,27.65046310424805,5.351851940155028,1534.5703125,57.37847137451172,0.0,220.3703765869141,27.23958396911621
6.664496421813965,30.53240776062012,5.344907283782959,1534.5703125,57.40740585327149,0.0,171.75926208496094,27.36979103088379
6.666666507720947,28.68055534362793,5.354166507720947,1535.412353515625,57.32060241699218,0.0,232.2916717529297,27.52604103088379
6.666666507720947,28.75,5.351851940155028,1534.9913330078125,57.52314758300781,0.0,339.8148193359375,27.63020896911621
6.664496421813965,30.474536895751953,5.347222328186035,1534.9913330078125,57.58102035522461,0.0,279.9768371582031,27.78645896911621
6.664496421813965,30.231481552124023,5.3587961196899405,1534.1492919921875,57.667823791503906,0.0,307.1759338378906,27.96875
6.664496421813965,29.733797073364254,5.375,1534.1492919921875,57.40740585327149,0.0,191.8981475830078,28.17708396911621
6.666666507720947,30.52083396911621,5.354166507720947,1534.5703125,57.667823791503906,0.0,153.81944274902344,28.22916603088379
6.666666507720947,30.162036895751953,5.363425731658936,1534.5703125,57.69675827026367,0.0,287.5,28.22916603088379
6.664496421813965,30.60185241699219,5.384259223937988,1534.5703125,57.06018447875977,0.0,328.0092468261719,28.46354103088379
6.664496421813965,29.699073791503906,5.351851940155028,1536.25439453125,60.82175827026367,0.0,315.97222900390625,28.09895896911621
6.662326335906982,29.72222137451172,5.379629611968993,1534.1492919921875,59.92477035522461,0.0,311.2268371582031,28.38541603088379
6.664496421813965,29.51388931274414,5.3865742683410645,1535.412353515625,59.17245483398438,0.0,310.53240966796875,28.25520896911621
6.66883659362793,29.21296310424805,5.3587961196899405,1535.412353515625,58.94097137451172,0.0,293.75,28.46354103088379
6.664496421813965,29.39814758300781,5.365740776062012,1534.5703125,59.49074172973633,0.0,302.1990661621094,28.61979103088379
6.664496421813965,29.571760177612305,5.375,1534.5703125,59.14352035522461,0.0,284.1435241699219,28.93229103088379
6.664496421813965,29.49073982238769,5.365740776062012,1534.5703125,59.63541793823242,0.0,235.76388549804688,28.90625
6.664496421813965,28.703702926635746,3.462962865829468,1534.9913330078125,60.011573791503906,0.0,299.65277099609375,28.93229103088379
6.662326335906982,29.375,3.381944417953491,1534.5703125,59.72222137451172,0.0,279.5138854980469,29.11458396911621
6.664496421813965,29.259260177612305,3.3865740299224854,1534.1492919921875,59.25925827026367,0.0,285.879638671875,29.11458396911621
6.66883659362793,28.634260177612305,3.3773148059844966,1533.728271484375,59.75115585327149,0.0,300.5787048339844,29.42708396911621
6.664496421813965,28.356481552124023,3.3703703880310054,1534.1492919921875,59.54861068725586,0.0,309.72222900390625,29.296875
6.664496421813965,28.40277862548828,3.368055582046509,1535.412353515625,59.98263931274414,0.0,271.875,29.50520896911621
6.664496421813965,28.449073791503906,3.3518519401550293,1536.67529296875,59.75115585327149,0.0,296.1805419921875,29.58333396911621
6.666666507720947,28.495370864868164,3.3587963581085205,1537.517333984375,59.02777862548828,0.0,308.4490661621094,29.921875
6.664496421813965,28.36805534362793,3.3333332538604736,1537.9383544921875,59.17245483398438,0.0,309.83795166015625,30.0
6.662326335906982,28.611110687255856,3.344907522201538,1534.5703125,59.11458206176758,0.0,289.5833435058594,29.921875
6.664496421813965,28.703702926635746,3.372685194015503,1538.359375,59.230323791503906,0.0,256.82870483398443,29.765625
6.664496421813965,28.42592620849609,3.3148148059844966,1537.517333984375,59.34606552124024,0.0,291.78240966796875,30.13020896911621
6.664496421813965,28.06712913513184,5.664351940155028,1536.67529296875,59.57754516601562,0.0,297.10647583007807,30.41666603088379
6.66883659362793,27.858797073364254,5.8125,1537.517333984375,59.57754516601562,0.0,259.95370483398443,30.234375
6.664496421813965,27.95138931274414,5.88194465637207,1536.25439453125,60.04050827026367,0.0,328.7037048339844,30.390625
6.662326335906982,27.53472137451172,5.902777671813965,1536.67529296875,59.69328689575195,0.0,301.2731628417969,30.49479103088379
6.664496421813965,28.06712913513184,5.912036895751953,1536.67529296875,59.98263931274414,0.0,319.6759338378906,30.91145896911621
6.664496421813965,27.546297073364254,5.898148059844971,1536.67529296875,59.98263931274414,0.0,335.1851806640625,30.91145896911621
6.662326335906982,28.10185241699219,5.932870388031006,1537.0963134765625,59.49074172973633,0.0,326.15740966796875,30.88541603088379
6.66883659362793,27.361110687255856,5.907407283782959,1535.8333740234375,58.99884414672852,0.0,332.0601806640625,31.09375
6.662326335906982,27.09490776062012,5.918981552124024,1537.517333984375,58.50694274902344,0.0,306.0185241699219,31.19791603088379
6.666666507720947,27.37268447875977,5.93055534362793,1538.359375,59.31713104248047,0.0,273.84259033203125,31.43229103088379
6.666666507720947,27.11805534362793,5.93055534362793,1536.67529296875,59.28819274902344,0.0,320.71759033203125,31.38020896911621
6.664496421813965,27.824073791503906,5.909722328186035,1537.517333984375,59.78009414672852,0.0,277.0833435058594,31.53645896911621
6.664496421813965,26.80555534362793,5.935184955596924,1536.25439453125,59.72222137451172,0.0,322.6851806640625,31.61458396911621
6.664496421813965,27.17592620849609,5.923611164093018,1536.25439453125,59.57754516601562,0.0,318.40277099609375,32.00520706176757
6.662326335906982,27.39583396911621,5.932870388031006,1536.67529296875,58.91203689575195,0.0,312.96295166015625,31.875
6.664496421813965,27.233797073364254,5.958333492279053,1536.67529296875,58.68055725097656,0.0,327.1990661621094,31.90104103088379
6.664496421813965,27.314815521240234,5.93055534362793,1537.9383544921875,58.53588104248047,0.0,343.5185241699219,31.97916603088379
6.664496421813965,27.48842620849609,5.912036895751953,1538.7803955078125,58.76736068725586,0.0,324.53704833984375,32.23958206176757
6.664496421813965,26.932870864868164,5.951388835906982,1537.0963134765625,58.53588104248047,0.0,334.9537048339844,32.5
6.664496421813965,27.09490776062012,5.960648059844971,1536.67529296875,58.21759414672852,0.0,269.6759338378906,32.34375
6.664496421813965,27.546297073364254,5.935184955596924,1536.67529296875,58.42013931274414,0.0,266.5509338378906,32.55208206176757
6.664496421813965,24.571760177612305,5.935184955596924,1536.25439453125,58.62268447875977,0.0,308.3333435058594,32.63020706176757
6.664496421813965,27.61573982238769,5.967592716217041,1537.517333984375,58.47800827026367,0.0,309.83795166015625,32.99479293823243
6.666666507720947,27.939815521240234,5.958333492279053,1536.25439453125,58.56481552124024,0.0,367.3611145019531,32.99479293823243
6.66883659362793,27.8125,5.969907283782959,1536.25439453125,58.76736068725586,0.0,314.5833435058594,32.99479293823243
6.664496421813965,28.57638931274414,5.340277671813965,1536.67529296875,58.33333206176758,0.0,277.7777709960937,33.125
6.664496421813965,28.4375,5.298611164093018,1537.0963134765625,58.50694274902344,0.0,244.21296691894528,33.4375
6.666666507720947,28.47222137451172,5.289351940155028,1535.8333740234375,58.79629516601562,0.0,240.27777099609372,33.72395706176757
6.664496421813965,29.13194465637207,5.43055534362793,1537.0963134765625,60.70602035522461,0.0,303.0092468261719,33.46354293823243
6.662326335906982,27.83564758300781,5.4490742683410645,1536.67529296875,60.27199172973633,0.0,285.879638671875,33.61979293823243
6.664496421813965,28.356481552124023,5.4375,1536.25439453125,59.75115585327149,0.0,332.2916564941406,33.72395706176757
6.664496421813965,28.483797073364254,5.409722328186035,1538.359375,59.54861068725586,0.0,331.25,34.08854293823243
6.664496421813965,29.0625,5.460648059844971,1539.201416015625,58.94097137451172,0.0,309.9537048339844,33.95833206176757
6.662326335906982,28.78472137451172,5.458333492279053,1536.67529296875,58.50694274902344,0.0,302.0833435058594,34.0625
6.666666507720947,28.41435241699219,5.432870388031006,1536.67529296875,58.36227035522461,0.0,249.65277099609372,34.21875
6.666666507720947,28.668981552124023,5.423611164093018,1536.67529296875,58.68055725097656,0.0,230.2083282470703,34.40104293823243
6.664496421813965,29.27083396911621,5.428240776062012,1536.25439453125,59.08564758300781,0.0,267.7083435058594,34.66145706176757
6.664496421813965,29.72222137451172,5.462963104248047,1537.9383544921875,59.20138931274414,0.0,296.6435241699219,34.40104293823243
6.664496421813965,29.28240776062012,5.446759223937988,1537.0963134765625,58.7384262084961,0.0,306.25,34.765625
6.664496421813965,29.421297073364254,5.469907283782959,1537.0963134765625,58.91203689575195,0.0,354.629638671875,34.63541793823243
6.664496421813965,29.467592239379886,5.451388835906982,1536.67529296875,59.375,0.0,360.7638854980469,34.97395706176757
6.666666507720947,29.51388931274414,5.458333492279053,1537.9383544921875,58.53588104248047,0.0,283.5648193359375,34.94791793823243
6.662326335906982,29.35185241699219,5.439815044403076,1538.359375,58.36227035522461,0.0,304.629638671875,35.13020706176757
6.662326335906982,29.24768447875977,5.453703880310059,1538.7803955078125,58.39120483398438,0.0,335.7638854980469,35.3125
6.664496421813965,29.421297073364254,5.460648059844971,1538.7803955078125,58.94097137451172,0.0,334.83795166015625,35.46875
6.666666507720947,29.44444465637207,5.453703880310059,1538.7803955078125,59.43286895751953,0.0,296.7592468261719,35.65104293823242
6.662326335906982,29.386573791503906,5.467592716217041,1536.67529296875,59.34606552124024,0.0,-0.3472222089767456,35.3125
6.664496421813965,27.141202926635746,5.44444465637207,1538.359375,59.08564758300781,0.0,33.33333206176757,35.26041793823242
6.664496421813965,23.807870864868164,5.435184955596924,1535.8333740234375,58.91203689575195,0.0,137.15277099609378,35.36458206176758
6.66883659362793,27.39583396911621,5.439815044403076,1537.0963134765625,59.46180725097656,0.0,68.86573791503906,35.703125
6.664496421813965,27.78935241699219,5.44444465637207,1536.25439453125,59.31713104248047,0.0,282.6388854980469,35.65104293823242
6.664496421813965,26.86342620849609,5.442129611968993,1536.67529296875,59.230323791503906,0.0,305.90277099609375,35.80729293823242
6.66883659362793,26.86342620849609,5.439815044403076,1537.0963134765625,60.15625,0.0,159.8379669189453,35.80729293823242
6.662326335906982,27.74305534362793,5.423611164093018,1536.25439453125,59.60647964477539,0.0,29.745370864868164,35.98958206176758
6.664496421813965,27.280092239379886,5.664351940155028,1538.359375,59.63541793823242,0.0,118.17129516601562,36.171875
6.664496421813965,28.37962913513184,6.025463104248047,1536.67529296875,58.96990585327149,0.0,300.23147583007807,36.041667938232415
6.664496421813965,28.65740776062012,6.004629611968993,1536.25439453125,58.42013931274414,0.0,312.3842468261719,36.041667938232415
6.664496421813965,28.19444465637207,5.99305534362793,1537.9383544921875,58.94097137451172,0.0,165.85647583007812,36.06770706176758
6.664496421813965,29.236110687255856,6.020833492279053,1536.25439453125,59.5196762084961,0.0,113.7731475830078,36.432292938232415
6.662326335906982,29.456018447875977,6.004629611968993,1537.0963134765625,59.40393447875977,0.0,42.93981552124024,36.14583206176758
6.666666507720947,29.05092620849609,6.002315044403076,1536.67529296875,59.05671310424805,0.0,44.21296310424805,36.354167938232415
6.666666507720947,28.55323982238769,6.0115742683410645,1535.8333740234375,59.75115585327149,0.0,133.3333282470703,36.510417938232415
6.664496421813965,28.125,6.027777671813965,1536.25439453125,59.78009414672852,0.0,177.77777099609375,36.69270706176758
6.66883659362793,29.27083396911621,6.032407283782959,1537.0963134765625,59.75115585327149,0.0,284.375,36.875
6.666666507720947,28.807870864868164,6.016203880310059,1536.67529296875,59.14352035522461,0.0,340.5092468261719,36.69270706176758
6.664496421813965,28.321760177612305,6.027777671813965,1536.25439453125,60.53240585327149,0.0,313.5416564941406,36.744792938232415
6.664496421813965,28.47222137451172,6.039351940155028,1536.67529296875,58.91203689575195,0.0,291.6666564941406,36.69270706176758
6.664496421813965,29.52546310424805,6.00694465637207,1537.517333984375,58.82522964477539,0.0,331.9444580078125,37.135417938232415
6.662326335906982,29.02777862548828,6.053240776062012,1536.25439453125,58.85416793823242,0.0,320.4861145019531,36.796875
6.664496421813965,27.17592620849609,6.020833492279053,1536.67529296875,58.42013931274414,0.0,272.9166564941406,36.953125
6.664496421813965,9.305555343627928,6.023148059844971,1536.67529296875,58.449073791503906,0.0,303.58795166015625,36.901042938232415
6.664496421813965,1.9328703880310056,6.004629611968993,1537.0963134765625,58.27546310424805,0.0,278.47222900390625,37.08333206176758
