,Timestamp,14,11,16,4,17
231,2019-10-03 19:51,113.10763549804688,65.27777862548828,372.2222290039063,-0.09259258955717088,13.619791984558105
232,2019-10-03 19:52,124.43576049804688,65.50926208496094,332.1759338378906,-0.1041666641831398,14.348958015441895
233,2019-10-03 19:53,111.37152862548828,65.59606170654297,371.2962951660156,-0.1041666641831398,14.505208015441895
234,2019-10-03 19:54,111.54513549804688,66.03009033203125,309.72222900390625,-0.11574073880910872,15.15625
235,2019-10-03 19:55,118.05555725097656,66.05902862548828,410.30093383789057,-0.09259258955717088,14.427083015441895
236,2019-10-03 19:56,121.74478912353516,66.31944274902344,325.11575317382807,-0.09259258955717088,15.546875
237,2019-10-03 19:57,123.13368225097656,65.42245483398439,296.875,-0.1041666641831398,15.625
238,2019-10-03 19:58,124.95659637451172,65.39351654052734,235.53240966796875,-0.1041666641831398,16.458333969116214
239,2019-10-03 19:59,117.70833587646484,66.29051208496094,253.125,-0.1041666641831398,15.963541984558105
240,2019-10-03 20:00,117.92534637451172,66.23263549804689,324.8842468261719,27.037036895751953,16.640625
241,2019-10-03 20:01,125.04340362548828,65.56713104248047,242.82408142089844,28.93518447875977,16.927083969116214
242,2019-10-03 20:02,119.53125,66.05902862548828,364.120361328125,29.768518447875977,17.91666603088379
243,2019-10-03 20:03,116.31944274902344,65.88541412353516,248.9583282470703,29.502315521240234,18.4375
244,2019-10-03 20:04,128.125,65.76967620849611,298.7268371582032,29.61805534362793,18.359375
245,2019-10-03 20:05,92.88194274902345,68.54745483398439,350.8101806640625,29.143518447875977,18.984375
246,2019-10-03 20:06,117.40451049804688,68.20023345947266,292.7083435058594,29.328702926635746,19.583333969116207
247,2019-10-03 20:07,152.64756774902344,66.46411895751953,327.3148193359375,28.73842620849609,20.234375
248,2019-10-03 20:08,140.27777099609378,65.33564758300781,237.26852416992188,28.46064758300781,19.817708969116207
249,2019-10-03 20:09,142.53472900390625,64.90161895751953,314.6990661621094,27.91666603088379,20.598958969116207
250,2019-10-03 20:10,122.69965362548828,66.43518829345703,342.59259033203125,27.280092239379886,20.78125
251,2019-10-03 20:11,128.60243225097656,66.37731170654297,269.5601806640625,27.33796310424805,21.536458969116207
252,2019-10-03 20:12,137.6302032470703,65.82754516601561,270.8333435058594,27.002315521240234,21.302083969116207
253,2019-10-03 20:13,127.734375,66.55092620849611,250.8101806640625,27.43055534362793,21.796875
254,2019-10-03 20:14,130.2083282470703,66.20370483398439,340.5092468261719,27.245370864868164,22.239583969116207
255,2019-10-03 20:15,139.23611450195312,66.46411895751953,321.52777099609375,27.53472137451172,23.15104103088379
256,2019-10-03 20:16,132.72569274902344,66.11689758300781,261.8055419921875,27.43055534362793,22.60416603088379
257,2019-10-03 20:17,137.5,65.50926208496094,335.0694580078125,27.95138931274414,23.72395896911621
258,2019-10-03 20:18,138.28125,65.04629516601561,317.245361328125,28.47222137451172,23.828125
259,2019-10-03 20:19,121.18055725097656,66.11689758300781,306.1342468261719,28.703702926635746,24.79166603088379
260,2019-10-03 20:20,131.7708282470703,65.85648345947266,348.03240966796875,28.4375,25.15625
261,2019-10-03 20:21,144.83506774902344,65.82754516601561,360.1851806640625,27.92823982238769,25.20833396911621
262,2019-10-03 20:22,129.90451049804688,66.08795928955078,313.7731628417969,27.74305534362793,25.546875
263,2019-10-03 20:23,141.36285400390625,66.14583587646486,326.96759033203125,27.280092239379886,26.40625
264,2019-10-03 20:24,126.5625,65.79861450195314,311.6898193359375,27.731481552124023,27.08333396911621
265,2019-10-03 20:25,126.90972137451172,66.05902862548828,338.3101806640625,27.70833396911621,26.92708396911621
266,2019-10-03 20:26,130.68576049804688,65.36458587646486,289.5833435058594,27.268518447875977,27.39583396911621
267,2019-10-03 20:27,134.5052032470703,65.53819274902344,339.3518371582032,27.511573791503906,27.8125
268,2019-10-03 20:28,119.09722137451172,65.82754516601561,230.2083282470703,27.74305534362793,28.28125
269,2019-10-03 20:29,133.7239532470703,66.08795928955078,318.98147583007807,27.39583396911621,28.125
270,2019-10-03 20:30,131.29339599609378,66.86920928955078,321.6435241699219,27.77777862548828,28.77604103088379
271,2019-10-03 20:31,132.1614532470703,66.17476654052734,299.3055419921875,28.41435241699219,29.34895896911621
272,2019-10-03 20:32,137.7604217529297,66.31944274902344,357.870361328125,28.54166603088379,30.02604103088379
273,2019-10-03 20:33,131.7708282470703,66.20370483398439,287.15277099609375,28.54166603088379,29.53125
274,2019-10-03 20:34,131.72743225097656,66.29051208496094,376.8518371582031,29.17823982238769,30.44270896911621
275,2019-10-03 20:35,132.98611450195312,66.08795928955078,345.370361328125,28.530092239379886,30.46875
276,2019-10-03 20:36,132.03125,66.34838104248047,322.8009338378906,28.46064758300781,32.08333206176757
277,2019-10-03 20:37,128.86285400390622,66.43518829345703,335.4166564941406,28.125,31.51041603088379
278,2019-10-03 20:38,139.27951049804688,65.82754516601561,322.10647583007807,28.564815521240234,32.13541793823243
279,2019-10-03 20:39,127.12673950195312,66.17476654052734,328.9351806640625,28.65740776062012,32.47395706176757
280,2019-10-03 20:40,140.92881774902344,66.98495483398439,201.73611450195312,28.65740776062012,33.17708206176757
281,2019-10-03 20:41,143.05555725097656,66.49305725097656,151.73611450195312,28.391202926635746,33.28125
282,2019-10-03 20:42,143.57638549804688,64.95948791503906,84.72222137451173,28.47222137451172,33.15104293823243
283,2019-10-03 20:43,141.05902099609375,65.33564758300781,220.94908142089844,28.206018447875977,33.75
284,2019-10-03 20:44,132.1614532470703,65.71180725097656,223.61111450195312,29.21296310424805,34.71354293823243
285,2019-10-03 20:45,130.51214599609378,66.37731170654297,324.65277099609375,28.46064758300781,35.3125
286,2019-10-03 20:46,135.37326049804688,65.94329071044922,339.46759033203125,28.136573791503906,35.33854293823242
287,2019-10-03 20:47,134.8958282470703,65.59606170654297,234.49073791503903,29.30555534362793,35.703125
288,2019-10-03 20:48,132.76910400390622,66.40625,229.97685241699216,29.328702926635746,36.276042938232415
289,2019-10-03 20:49,124.43576049804688,66.84027862548828,221.18055725097656,29.571760177612305,36.953125
290,2019-10-03 20:50,145.13888549804688,65.85648345947266,245.60185241699216,29.08564758300781,36.77083206176758
291,2019-10-03 20:51,140.84201049804688,65.42245483398439,285.53240966796875,28.599536895751953,37.421875
292,2019-10-03 20:52,138.97569274902344,65.88541412353516,356.8287048339844,28.495370864868164,37.447917938232415
293,2019-10-03 20:53,132.63888549804688,66.00115966796875,327.1990661621094,28.57638931274414,38.619792938232415
294,2019-10-03 20:54,129.90451049804688,66.89814758300781,345.254638671875,28.495370864868164,38.72395706176758
295,2019-10-03 20:55,135.2864532470703,66.72454071044922,273.7268371582031,28.54166603088379,38.984375
296,2019-10-03 20:56,137.06597900390622,65.19097137451172,305.78704833984375,29.47916603088379,39.635417938232415
297,2019-10-03 20:57,134.41839599609378,65.45138549804689,262.73147583007807,29.09722137451172,40.28645706176758
298,2019-10-03 20:58,133.28993225097656,65.94329071044922,248.84259033203125,29.61805534362793,40.078125
299,2019-10-03 20:59,128.86285400390622,65.56713104248047,303.35647583007807,29.768518447875977,40.651042938232415
300,2019-10-03 21:00,135.546875,65.82754516601561,324.8842468261719,29.39814758300781,40.05208206176758
301,2019-10-03 21:01,136.28472900390622,66.49305725097656,328.7037048339844,29.47916603088379,40.885417938232415
302,2019-10-03 21:02,128.08160400390622,66.78240966796875,310.1851806640625,29.71064758300781,41.06770706176758
303,2019-10-03 21:03,139.7135467529297,66.55092620849611,251.96759033203125,29.65277862548828,40.52083206176758
304,2019-10-03 21:04,139.80035400390622,66.11689758300781,295.1388854980469,29.27083396911621,40.651042938232415
305,2019-10-03 21:05,139.36631774902344,66.20370483398439,314.3518371582032,30.03472137451172,40.78125
306,2019-10-03 21:06,133.63714599609378,66.29051208496094,296.6435241699219,29.94212913513184,41.015625
307,2019-10-03 21:07,133.76736450195312,66.43518829345703,352.0833435058594,29.24768447875977,40.52083206176758
308,2019-10-03 21:08,137.19618225097656,65.59606170654297,336.8055419921875,29.849536895751953,40.651042938232415
309,2019-10-03 21:09,133.203125,66.05902862548828,309.375,29.51388931274414,40.59895706176758
310,2019-10-03 21:10,127.47396087646484,66.89814758300781,359.9537048339844,29.189815521240234,41.119792938232415
311,2019-10-03 21:11,141.49305725097656,66.23263549804689,258.5648193359375,28.95833396911621,40.494792938232415
312,2019-10-03 21:12,143.53298950195312,65.42245483398439,163.65740966796875,29.745370864868164,40.703125
313,2019-10-03 21:13,137.84722900390622,65.625,179.05091857910156,30.439815521240234,40.807292938232415
314,2019-10-03 21:14,131.7708282470703,66.08795928955078,93.86573791503906,30.91435241699219,40.963542938232415
315,2019-10-03 21:15,132.76910400390622,65.85648345947266,243.9814758300781,30.30092620849609,40.13020706176758
316,2019-10-03 21:16,143.40277099609375,65.45138549804689,204.28240966796875,30.10416603088379,40.67708206176758
317,2019-10-03 21:17,123.13368225097656,65.68286895751953,218.86573791503903,29.745370864868164,40.546875
318,2019-10-03 21:18,132.98611450195312,65.94329071044922,286.34259033203125,30.18518447875977,41.276042938232415
319,2019-10-03 21:19,131.46701049804688,67.39004516601561,306.25,30.474536895751953,41.276042938232415
320,2019-10-03 21:20,134.72222900390622,66.29051208496094,217.2453765869141,30.324073791503906,40.91145706176758
321,2019-10-03 21:21,131.59722900390622,65.76967620849611,161.6898193359375,29.89583396911621,40.91145706176758
322,2019-10-03 21:22,137.28298950195312,65.94329071044922,218.86573791503903,30.53240776062012,41.171875
323,2019-10-03 21:23,131.46701049804688,66.11689758300781,239.8148193359375,31.331018447875977,41.588542938232415
324,2019-10-03 21:24,143.18576049804688,65.4803237915039,236.9212951660156,30.439815521240234,41.041667938232415
325,2019-10-03 21:25,141.05902099609375,65.24884033203125,244.7916717529297,30.20833396911621,40.9375
326,2019-10-03 21:26,136.41493225097656,65.42245483398439,255.6712951660156,30.625,41.171875
327,2019-10-03 21:27,129.9479217529297,66.49305725097656,294.4444580078125,30.55555534362793,41.5625
328,2019-10-03 21:28,136.76214599609378,66.03009033203125,310.6481628417969,31.689815521240234,41.041667938232415
329,2019-10-03 21:29,137.54339599609378,66.03009033203125,335.7638854980469,30.162036895751953,41.22395706176758
330,2019-10-03 21:30,136.63194274902344,65.97222137451172,335.7638854980469,30.439815521240234,41.22395706176758
331,2019-10-03 21:31,128.125,66.2615737915039,229.7453765869141,31.00694465637207,41.38020706176758
332,2019-10-03 21:32,138.32464599609378,65.33564758300781,257.9861145019531,30.84490776062012,40.46875
333,2019-10-03 21:33,140.1041717529297,65.36458587646486,216.08796691894528,30.578702926635746,41.276042938232415
334,2019-10-03 21:34,132.33506774902344,66.11689758300781,143.17129516601562,30.405092239379886,41.015625
335,2019-10-03 21:35,132.03125,66.81134033203125,231.36573791503903,30.15046310424805,41.666667938232415
336,2019-10-03 21:36,138.5416717529297,66.05902862548828,240.97222900390625,30.636573791503906,41.40625
337,2019-10-03 21:37,136.1979217529297,65.625,224.1898193359375,31.18055534362793,41.197917938232415
338,2019-10-03 21:38,136.71875,65.33564758300781,300.0,31.22685241699219,41.30208206176758
339,2019-10-03 21:39,132.72569274902344,65.59606170654297,352.8935241699219,30.81018447875977,41.640625
340,2019-10-03 21:40,139.80035400390622,65.68286895751953,361.34259033203125,30.60185241699219,42.16145706176758
341,2019-10-03 21:41,138.58506774902344,65.91435241699217,294.3287048339844,30.91435241699219,41.328125
342,2019-10-03 21:42,134.20138549804688,65.65393829345703,282.2916564941406,30.486110687255856,41.484375
343,2019-10-03 21:43,132.03125,65.85648345947266,337.73147583007807,30.706018447875977,41.666667938232415
344,2019-10-03 21:44,130.3385467529297,67.30323791503906,307.1759338378906,30.173610687255856,41.92708206176758
345,2019-10-03 21:45,131.42361450195312,66.34838104248047,215.27777099609372,29.699073791503906,41.354167938232415
346,2019-10-03 21:46,136.5885467529297,65.4803237915039,204.97685241699216,29.66435241699219,41.588542938232415
347,2019-10-03 21:47,134.07118225097656,65.85648345947266,290.5092468261719,30.046297073364254,41.71875
348,2019-10-03 21:48,131.59722900390622,66.63773345947266,268.6342468261719,31.111110687255856,41.822917938232415
349,2019-10-03 21:49,133.89756774902344,66.05902862548828,306.0185241699219,30.65972137451172,41.25
350,2019-10-03 21:50,138.10763549804688,65.82754516601561,244.44444274902344,30.74073982238769,41.744792938232415
351,2019-10-03 21:51,128.60243225097656,65.45138549804689,342.3611145019532,30.10416603088379,41.40625
352,2019-10-03 21:52,133.68055725097656,66.75347137451172,297.8009338378906,30.90277862548828,42.1875
353,2019-10-03 21:53,136.80555725097656,66.23263549804689,240.625,30.995370864868164,41.77083206176758
354,2019-10-03 21:54,143.31597900390625,65.50926208496094,207.8703765869141,30.42823982238769,41.796875
355,2019-10-03 21:55,141.36285400390625,65.36458587646486,236.57408142089844,30.173610687255856,41.875
356,2019-10-03 21:56,135.85069274902344,65.59606170654297,287.2685241699219,30.42823982238769,42.16145706176758
357,2019-10-03 21:57,128.73263549804688,66.37731170654297,257.6388854980469,30.96064758300781,42.057292938232415
358,2019-10-03 21:58,135.76388549804688,65.91435241699217,277.54629516601557,29.814815521240234,41.953125
359,2019-10-03 21:59,136.50173950195312,65.97222137451172,269.6759338378906,29.884260177612305,41.796875
360,2019-10-03 22:00,134.33160400390622,65.68286895751953,283.21759033203125,30.578702926635746,42.135417938232415
361,2019-10-03 22:01,113.84548950195312,66.84027862548828,277.6620483398437,29.780092239379886,42.39583206176758
362,2019-10-03 22:02,133.15972900390622,65.4803237915039,315.625,30.578702926635746,41.92708206176758
363,2019-10-03 22:03,136.54513549804688,64.93055725097656,277.54629516601557,30.13888931274414,41.92708206176758
364,2019-10-03 22:04,132.50868225097656,65.24884033203125,248.37962341308597,29.75694465637207,42.109375
365,2019-10-03 22:05,123.78472137451172,65.85648345947266,225.46296691894528,30.231481552124023,42.23958206176758
366,2019-10-03 22:06,129.77430725097656,66.23263549804689,257.870361328125,30.11573982238769,41.666667938232415
367,2019-10-03 22:07,141.5364532470703,65.07523345947266,298.03240966796875,29.75694465637207,42.00520706176758
368,2019-10-03 22:08,134.02777099609378,65.4803237915039,264.004638671875,30.18518447875977,41.77083206176758
369,2019-10-03 22:09,132.37847900390622,65.94329071044922,326.504638671875,30.45138931274414,42.5
370,2019-10-03 22:10,134.765625,65.42245483398439,284.49075317382807,30.405092239379886,42.03125
371,2019-10-03 22:11,139.9739532470703,64.87268829345703,314.2361145019531,30.53240776062012,42.23958206176758
372,2019-10-03 22:12,133.50694274902344,64.87268829345703,297.6851806640625,30.56712913513184,42.291667938232415
373,2019-10-03 22:13,130.29513549804688,65.27777862548828,285.6481628417969,30.625,42.447917938232415
374,2019-10-03 22:14,137.67361450195312,66.11689758300781,318.1712951660156,30.717592239379886,41.875
375,2019-10-03 22:15,138.19444274902344,65.24884033203125,260.3009338378906,30.61342620849609,42.16145706176758
376,2019-10-03 22:16,141.05902099609375,64.75694274902344,327.8935241699219,30.266202926635746,42.135417938232415
377,2019-10-03 22:17,135.98089599609378,65.71180725097656,299.65277099609375,30.65972137451172,42.78645706176758
378,2019-10-03 22:18,126.86631774902344,66.11689758300781,340.97222900390625,30.86805534362793,42.94270706176758
379,2019-10-03 22:19,137.84722900390622,65.24884033203125,324.65277099609375,29.814815521240234,42.39583206176758
380,2019-10-03 22:20,138.4114532470703,64.98842620849611,284.02777099609375,29.67592620849609,42.447917938232415
381,2019-10-03 22:21,131.85763549804688,65.59606170654297,323.9583435058594,29.814815521240234,42.63020706176758
382,2019-10-03 22:22,126.25868225097656,66.23263549804689,345.4861145019531,29.884260177612305,42.86458206176758
383,2019-10-03 22:23,135.24305725097656,65.76967620849611,307.0601806640625,29.502315521240234,42.369792938232415
384,2019-10-03 22:24,138.45486450195312,64.98842620849611,337.73147583007807,29.90740776062012,42.578125
385,2019-10-03 22:25,139.84375,65.53819274902344,265.74075317382807,29.641202926635746,42.34375
386,2019-10-03 22:26,134.46180725097656,66.11689758300781,253.0092620849609,29.884260177612305,43.046875
387,2019-10-03 22:27,135.98089599609378,65.24884033203125,299.3055419921875,29.35185241699219,42.447917938232415
388,2019-10-03 22:28,133.15972900390622,64.75694274902344,273.495361328125,29.328702926635746,42.604167938232415
389,2019-10-03 22:29,135.46006774902344,64.46759033203125,273.6111145019531,29.236110687255856,42.70833206176758
390,2019-10-03 22:30,130.38194274902344,65.21990966796875,292.59259033203125,29.224536895751953,42.760417938232415
391,2019-10-03 22:31,127.99478912353516,65.24884033203125,334.49075317382807,29.884260177612305,42.135417938232415
392,2019-10-03 22:32,132.72569274902344,65.45138549804689,249.5370330810547,30.196760177612305,42.734375
393,2019-10-03 22:33,135.6770782470703,65.16204071044922,332.9861145019531,30.0,42.578125
394,2019-10-03 22:34,133.0729217529297,65.76967620849611,299.1898193359375,30.06944465637207,43.203125
395,2019-10-03 22:35,133.7239532470703,65.33564758300781,345.370361328125,29.571760177612305,43.229167938232415
396,2019-10-03 22:36,137.15277099609378,64.64120483398439,332.870361328125,29.71064758300781,42.734375
397,2019-10-03 22:37,145.52951049804688,64.81481170654297,309.2592468261719,29.65277862548828,42.65625
398,2019-10-03 22:38,131.72743225097656,64.6990737915039,336.9212951660156,29.79166603088379,42.994792938232415
399,2019-10-03 22:39,131.33680725097656,65.65393829345703,337.73147583007807,29.421297073364254,43.359375
400,2019-10-03 22:40,137.19618225097656,65.56713104248047,301.3888854980469,30.752315521240234,42.78645706176758
401,2019-10-03 22:41,132.24826049804688,65.13310241699217,330.90277099609375,30.439815521240234,42.86458206176758
402,2019-10-03 22:42,135.6770782470703,65.53819274902344,307.2916564941406,29.79166603088379,42.890625
403,2019-10-03 22:43,131.3802032470703,65.79861450195314,310.4166564941406,29.34027862548828,43.48958206176758
404,2019-10-03 22:44,136.11111450195312,64.95948791503906,301.504638671875,29.72222137451172,42.86458206176758
405,2019-10-03 22:45,137.32638549804688,64.75694274902344,269.32870483398443,30.27777862548828,43.046875
406,2019-10-03 22:46,122.09201049804688,65.13310241699217,306.8287048339844,29.47916603088379,43.072917938232415
407,2019-10-03 22:47,125.82465362548828,65.39351654052734,232.5231475830078,29.05092620849609,43.463542938232415
408,2019-10-03 22:48,130.81597900390622,65.27777862548828,151.15740966796875,29.20138931274414,42.47395706176758
409,2019-10-03 22:49,134.41839599609378,65.01736450195314,149.88426208496094,29.52546310424805,43.072917938232415
410,2019-10-03 22:50,129.9479217529297,65.01736450195314,314.004638671875,29.780092239379886,42.916667938232415
411,2019-10-03 22:51,132.89930725097656,65.65393829345703,228.9351806640625,29.918981552124023,43.697917938232415
412,2019-10-03 22:52,129.73089599609378,65.56713104248047,223.72685241699216,29.89583396911621,43.59375
413,2019-10-03 22:53,136.63194274902344,64.93055725097656,281.48147583007807,30.324073791503906,43.28125
414,2019-10-03 22:54,130.12152099609378,64.61226654052734,134.8379669189453,30.46296310424805,43.33333206176758
415,2019-10-03 22:55,127.47396087646484,64.98842620849611,111.34259033203124,30.324073791503906,43.59375
416,2019-10-03 22:56,134.07118225097656,65.56713104248047,279.28240966796875,30.9375,44.088542938232415
417,2019-10-03 22:57,134.41839599609378,64.98842620849611,313.5416564941406,30.55555534362793,43.359375
418,2019-10-03 22:58,136.63194274902344,64.95948791503906,303.7037048339844,30.42823982238769,43.48958206176758
419,2019-10-03 22:59,132.37847900390622,65.19097137451172,312.96295166015625,30.173610687255856,43.59375
420,2019-10-03 23:00,131.68402099609378,65.79861450195314,280.09259033203125,29.97685241699219,44.010417938232415
421,2019-10-03 23:01,131.33680725097656,65.30670928955078,315.27777099609375,29.814815521240234,43.41145706176758
422,2019-10-03 23:02,135.63368225097656,64.87268829345703,357.5231628417969,29.432870864868164,43.41145706176758
423,2019-10-03 23:03,131.16319274902344,65.07523345947266,300.46295166015625,30.543981552124023,43.359375
424,2019-10-03 23:04,135.9375,66.14583587646486,362.8472290039063,30.13888931274414,43.80208206176758
425,2019-10-03 23:05,129.12326049804688,66.49305725097656,339.8148193359375,29.90740776062012,43.307292938232415
426,2019-10-03 23:06,128.21180725097656,65.85648345947266,277.8935241699219,30.057870864868164,43.776042938232415
427,2019-10-03 23:07,133.15972900390622,65.85648345947266,165.97222900390625,29.82638931274414,43.17708206176758
428,2019-10-03 23:08,133.37673950195312,66.2615737915039,169.90740966796875,30.092592239379886,44.088542938232415
429,2019-10-03 23:09,130.77256774902344,65.56713104248047,125.23148345947266,31.18055534362793,43.776042938232415
430,2019-10-03 23:10,141.88368225097656,64.75694274902344,156.94444274902344,31.27314758300781,43.59375
431,2019-10-03 23:11,138.1510467529297,64.78588104248047,147.80091857910156,31.21527862548828,43.48958206176758
432,2019-10-03 23:12,125.82465362548828,65.45138549804689,190.39352416992188,30.49768447875977,43.932292938232415
433,2019-10-03 23:13,126.51909637451172,66.31944274902344,126.15740966796876,30.636573791503906,44.19270706176758
434,2019-10-03 23:14,131.5104217529297,65.68286895751953,73.95833587646483,31.14583396911621,43.671875
435,2019-10-03 23:15,138.5416717529297,65.4803237915039,315.27777099609375,31.064815521240234,43.88020706176758
436,2019-10-03 23:16,135.63368225097656,66.03009033203125,299.4212951660156,30.474536895751953,44.19270706176758
437,2019-10-03 23:17,133.28993225097656,65.76967620849611,351.0416564941406,29.861110687255856,44.34895706176758
438,2019-10-03 23:18,145.1822967529297,64.78588104248047,317.129638671875,30.30092620849609,43.64583206176758
439,2019-10-03 23:19,139.84375,64.81481170654297,261.34259033203125,30.33564758300781,43.59375
440,2019-10-03 23:20,133.28993225097656,65.65393829345703,151.15740966796875,30.439815521240234,43.854167938232415
441,2019-10-03 23:21,120.09548950195312,65.42245483398439,109.375,30.83333396911621,44.140625
442,2019-10-03 23:22,131.55381774902344,65.65393829345703,150.34722900390625,31.18055534362793,43.72395706176758
443,2019-10-03 23:23,135.59027099609378,65.33564758300781,139.23611450195312,31.08796310424805,43.854167938232415
444,2019-10-03 23:24,133.63714599609378,65.50926208496094,194.5601806640625,30.38194465637207,43.75
445,2019-10-03 23:25,137.7604217529297,66.72454071044922,241.5509185791016,30.77546310424805,44.42708206176758
446,2019-10-03 23:26,131.72743225097656,66.03009033203125,258.6805419921875,30.798610687255856,43.75
447,2019-10-03 23:27,135.9375,65.24884033203125,186.22685241699216,31.111110687255856,43.697917938232415
448,2019-10-03 23:28,130.3385467529297,65.97222137451172,306.9444580078125,30.3125,43.932292938232415
449,2019-10-03 23:29,129.77430725097656,65.56713104248047,320.254638671875,31.307870864868164,44.635417938232415
450,2019-10-03 23:30,132.63888549804688,65.19097137451172,335.3009338378906,31.21527862548828,44.11458206176758
451,2019-10-03 23:31,134.6354217529297,64.95948791503906,328.0092468261719,31.828702926635746,44.010417938232415
452,2019-10-03 23:32,131.07638549804688,65.42245483398439,72.8009262084961,31.423610687255856,43.95833206176758
453,2019-10-03 23:33,138.06423950195312,65.71180725097656,254.51388549804688,31.49305534362793,44.557292938232415
454,2019-10-03 23:34,138.62847900390622,65.625,189.35185241699216,31.49305534362793,44.66145706176758
455,2019-10-03 23:35,121.78819274902344,65.24884033203125,208.21759033203125,31.736110687255856,43.984375
456,2019-10-03 23:36,126.171875,66.55092620849611,238.4259185791016,31.643518447875977,44.11458206176758
457,2019-10-03 23:37,126.47569274902344,65.88541412353516,270.71759033203125,31.63194465637207,44.53125
458,2019-10-03 23:38,127.43055725097656,65.76967620849611,278.58795166015625,31.19212913513184,44.765625
459,2019-10-03 23:39,138.8020782470703,65.36458587646486,291.6666564941406,31.203702926635746,44.010417938232415
460,2019-10-03 23:40,141.31944274902344,65.59606170654297,329.3981628417969,31.203702926635746,44.453125
461,2019-10-03 23:41,125.08680725097656,65.94329071044922,257.6388854980469,30.55555534362793,44.42708206176758
462,2019-10-03 23:42,124.08853912353516,65.01736450195314,309.83795166015625,31.35416603088379,45.0
463,2019-10-03 23:43,141.40625,64.43865966796875,231.94444274902344,30.752315521240234,44.166667938232415
464,2019-10-03 23:44,121.91840362548828,65.21990966796875,135.30091857910156,31.5625,44.296875
465,2019-10-03 23:45,131.94444274902344,63.65740585327149,144.32870483398438,31.22685241699219,44.19270706176758
466,2019-10-03 23:46,127.82118225097656,64.52545928955078,102.08333587646484,31.22685241699219,44.609375
467,2019-10-03 23:47,121.83159637451172,64.52545928955078,169.90740966796875,30.891202926635746,43.854167938232415
468,2019-10-03 23:48,102.99478912353516,64.90161895751953,228.9351806640625,31.50462913513184,44.244792938232415
469,2019-10-03 23:49,124.69618225097656,65.04629516601561,105.67129516601562,31.134260177612305,43.984375
470,2019-10-03 23:50,122.96006774902344,65.59606170654297,177.89352416992188,31.12268447875977,44.713542938232415
471,2019-10-03 23:51,127.21353912353516,65.68286895751953,221.64352416992188,31.342592239379886,44.66145706176758
472,2019-10-03 23:52,138.1510467529297,64.49652862548828,55.90277862548828,31.12268447875977,44.244792938232415
473,2019-10-03 23:53,128.99305725097656,64.00463104248047,158.44908142089844,31.22685241699219,44.244792938232415
474,2019-10-03 23:54,135.46006774902344,65.13310241699217,333.7962951660156,29.71064758300781,44.609375
475,2019-10-03 23:55,132.421875,65.07523345947266,170.71759033203125,31.00694465637207,45.13020706176758
476,2019-10-03 23:56,117.31771087646484,64.61226654052734,114.58333587646484,31.064815521240234,44.21875
477,2019-10-03 23:57,132.37847900390622,64.38079071044922,297.5694580078125,31.296297073364254,44.73958206176758
478,2019-10-03 23:58,138.28125,65.13310241699217,301.96759033203125,29.90740776062012,44.244792938232415
479,2019-10-03 23:59,128.55902099609378,66.23263549804689,99.42129516601562,30.13888931274414,44.6875
480,2019-10-04 00:00,137.6302032470703,64.90161895751953,185.1851806640625,30.439815521240234,44.27083206176758
481,2019-10-04 00:01,120.05208587646484,63.97569274902344,327.77777099609375,31.05323982238769,44.453125
482,2019-10-04 00:02,116.75347137451172,63.88888931274414,307.870361328125,31.67823982238769,44.244792938232415
483,2019-10-04 00:03,108.85416412353516,65.45138549804689,317.59259033203125,31.90972137451172,44.81770706176758
484,2019-10-04 00:04,106.33680725097656,65.76967620849611,329.9768371582032,31.35416603088379,44.03645706176758
485,2019-10-04 00:05,109.28819274902344,64.81481170654297,313.65740966796875,31.168981552124023,44.42708206176758
486,2019-10-04 00:06,97.09201049804688,65.01736450195314,256.82870483398443,30.995370864868164,44.453125
487,2019-10-04 00:07,87.28298950195312,65.71180725097656,369.21295166015625,29.90740776062012,44.97395706176758
488,2019-10-04 00:08,96.00694274902345,64.46759033203125,346.0648193359375,31.203702926635746,45.078125
489,2019-10-04 00:09,69.83506774902344,63.33911895751953,304.3981628417969,31.736110687255856,44.713542938232415
490,2019-10-04 00:10,99.30555725097656,63.02083206176758,285.4166564941406,32.314815521240234,44.375
491,2019-10-04 00:11,70.83333587646484,64.23611450195314,312.2685241699219,32.430557250976555,45.41666793823242
492,2019-10-04 00:12,71.05034637451172,65.74073791503906,325.23147583007807,31.84027862548828,45.49479293823242
493,2019-10-04 00:13,97.69965362548828,64.03356170654297,327.77777099609375,31.932870864868164,44.765625
494,2019-10-04 00:14,94.61805725097656,63.25231552124024,284.375,31.81712913513184,44.921875
495,2019-10-04 00:15,82.16146087646483,64.29398345947266,293.75,32.29166793823243,45.33854293823242
496,2019-10-04 00:16,76.2152786254883,65.27777862548828,303.24075317382807,32.03703689575195,45.83333206176758
497,2019-10-04 00:17,67.27430725097656,63.51272964477539,323.1481628417969,31.932870864868164,45.36458206176758
498,2019-10-04 00:18,62.5,62.96296310424805,290.85647583007807,31.643518447875977,45.59895706176758
499,2019-10-04 00:19,84.11458587646483,62.87615585327149,339.3518371582032,30.439815521240234,45.703125
500,2019-10-04 00:20,77.82118225097656,64.43865966796875,278.8194580078125,30.370370864868164,46.11979293823242
501,2019-10-04 00:21,73.35069274902342,64.95948791503906,332.2916564941406,30.59027862548828,45.18229293823242
502,2019-10-04 00:22,71.57118225097656,63.36805725097656,364.120361328125,30.439815521240234,45.546875
503,2019-10-04 00:23,68.09896087646486,63.22338104248047,340.625,29.80323982238769,45.546875
504,2019-10-04 00:24,68.40277862548828,64.6990737915039,311.4583435058594,29.79166603088379,46.30208206176758
505,2019-10-04 00:25,56.640625,63.74421310424805,278.35647583007807,29.09722137451172,46.171875
506,2019-10-04 00:26,62.06597137451172,62.41319274902344,344.90740966796875,29.224536895751953,46.06770706176758
507,2019-10-04 00:27,87.45659637451173,62.67361068725586,258.1018371582031,29.143518447875977,46.09375
508,2019-10-04 00:28,79.38368225097656,63.45486068725586,329.3981628417969,28.62268447875977,46.69270706176758
509,2019-10-04 00:29,61.71875,65.59606170654297,262.96295166015625,28.842592239379886,46.69270706176758
510,2019-10-04 00:30,91.62326049804688,63.39699172973633,327.1990661621094,28.877315521240234,46.25
511,2019-10-04 00:31,82.68228912353516,62.44213104248047,311.1111145019532,28.796297073364254,46.30208206176758
512,2019-10-04 00:32,68.09896087646486,62.84722137451172,301.15740966796875,28.599536895751953,46.58854293823242
513,2019-10-04 00:33,87.97743225097656,63.10763931274414,310.53240966796875,28.043981552124023,47.08333206176758
514,2019-10-04 00:34,81.6840286254883,62.6446762084961,284.1435241699219,28.02083396911621,46.51041793823242
515,2019-10-04 00:35,65.19097137451172,63.25231552124024,339.004638671875,27.974536895751953,46.74479293823242
516,2019-10-04 00:36,74.39236450195312,62.21064758300781,329.9768371582032,27.870370864868164,46.90104293823242
517,2019-10-04 00:37,55.25173568725586,63.57060241699218,306.48147583007807,28.19444465637207,47.109375
518,2019-10-04 00:38,64.93055725097656,62.52893447875977,349.1898193359375,27.5,46.61458206176758
519,2019-10-04 00:39,69.79166412353516,61.83449172973633,254.28240966796875,27.78935241699219,46.90104293823242
520,2019-10-04 00:40,58.42013931274414,62.21064758300781,279.5138854980469,27.92823982238769,47.00520706176758
521,2019-10-04 00:41,51.30208206176758,63.31018447875977,364.120361328125,27.48842620849609,47.60416793823242
522,2019-10-04 00:42,40.66840362548828,63.4259262084961,304.745361328125,27.071760177612305,47.265625
523,2019-10-04 00:43,60.76388931274414,62.47106552124024,344.90740966796875,27.268518447875977,47.21354293823242
524,2019-10-04 00:44,72.04861450195312,62.55786895751953,186.11111450195312,27.361110687255856,47.23958206176758
525,2019-10-04 00:45,69.31423950195314,63.31018447875977,201.73611450195312,27.141202926635746,47.34375
526,2019-10-04 00:46,59.02777862548828,62.55786895751953,362.96295166015625,26.574073791503906,47.734375
527,2019-10-04 00:47,68.75,62.5,340.3935241699219,26.59722137451172,47.36979293823242
528,2019-10-04 00:48,59.67881774902344,61.37152862548828,237.15277099609372,26.78240776062012,47.47395706176758
529,2019-10-04 00:49,67.10069274902344,62.06597137451172,263.7731628417969,26.43518447875977,48.02083206176758
530,2019-10-04 00:50,36.63194274902344,64.46759033203125,343.86575317382807,27.048610687255856,48.09895706176758
531,2019-10-04 00:51,33.680557250976555,64.87268829345703,303.8194580078125,26.35416603088379,47.55208206176758
532,2019-10-04 00:52,47.13541793823242,63.02083206176758,305.09259033203125,27.141202926635746,47.76041793823242
533,2019-10-04 00:53,45.39930725097656,62.52893447875977,244.09722900390625,27.245370864868164,47.94270706176758
534,2019-10-04 00:54,65.71180725097656,63.917823791503906,360.1851806640625,27.29166603088379,48.41145706176758
535,2019-10-04 00:55,50.21701431274414,63.33911895751953,308.91204833984375,27.974536895751953,47.890625
536,2019-10-04 00:56,61.58854293823242,62.355323791503906,361.1111145019531,28.06712913513184,48.09895706176758
537,2019-10-04 00:57,66.62326049804689,61.74768447875977,328.47222900390625,27.99768447875977,48.22916793823242
538,2019-10-04 00:58,55.38194274902344,62.78935241699218,301.7361145019531,28.34490776062012,48.69791793823242
539,2019-10-04 00:59,52.56076431274414,63.136573791503906,347.9166564941406,27.80092620849609,48.203125
540,2019-10-04 01:00,67.66493225097656,62.38425827026367,351.504638671875,28.50694465637207,48.25520706176758
541,2019-10-04 01:01,63.75868225097656,62.81828689575195,317.245361328125,28.09027862548828,48.33333206176758
542,2019-10-04 01:02,38.541667938232415,64.03356170654297,289.9305419921875,28.287036895751953,48.90625
543,2019-10-04 01:03,45.39930725097656,61.8634262084961,346.99075317382807,28.252315521240234,48.64583206176758
544,2019-10-04 01:04,47.22222137451172,61.54513931274414,275.34722900390625,27.233797073364254,48.59375
545,2019-10-04 01:05,47.65625,61.74768447875977,308.1018371582032,27.418981552124023,48.80208206176758
546,2019-10-04 01:06,72.39583587646483,62.90509414672852,333.91204833984375,28.06712913513184,49.16666793823242
547,2019-10-04 01:07,47.13541793823242,64.49652862548828,334.72222900390625,28.19444465637207,49.34895706176758
548,2019-10-04 01:08,51.04166793823242,63.68634414672852,350.9259338378906,27.77777862548828,48.88020706176758
549,2019-10-04 01:09,62.67361068725586,62.32638931274414,341.5509338378906,28.252315521240234,49.0625
550,2019-10-04 01:10,69.44444274902344,63.16550827026367,277.3148193359375,27.47685241699219,49.453125
551,2019-10-04 01:11,42.66493225097656,63.36805725097656,344.5601806640625,27.939815521240234,49.6875
552,2019-10-04 01:12,24.392360687255856,63.83102035522461,250.0,27.696760177612305,49.03645706176758
553,2019-10-04 01:13,41.62326431274415,63.31018447875977,320.370361328125,27.32638931274414,49.47916793823242
554,2019-10-04 01:14,79.07986450195312,62.90509414672852,337.73147583007807,27.33796310424805,49.55729293823242
555,2019-10-04 01:15,50.04340362548828,62.90509414672852,365.0462951660156,27.15277862548828,50.0
556,2019-10-04 01:16,54.55729293823242,63.45486068725586,343.75,26.85185241699219,49.609375
557,2019-10-04 01:17,63.97569274902344,63.07870483398438,328.9351806640625,26.921297073364254,49.765625
558,2019-10-04 01:18,54.55729293823242,63.10763931274414,355.6712951660156,27.96296310424805,49.81770706176758
559,2019-10-04 01:19,64.40972137451172,64.03356170654297,353.7037048339844,27.245370864868164,50.36458206176758
560,2019-10-04 01:20,35.15625,64.81481170654297,333.21759033203125,27.16435241699219,49.53125
561,2019-10-04 01:21,40.40798568725585,63.77314758300781,342.245361328125,26.956018447875977,49.89583206176758
562,2019-10-04 01:22,51.34548568725586,62.29745483398438,329.9768371582032,27.32638931274414,49.89583206176758
563,2019-10-04 01:23,35.72048568725585,62.55786895751953,337.2685241699219,27.60416603088379,50.36458206176758
564,2019-10-04 01:24,33.63715362548828,63.59953689575195,268.5185241699219,27.5,50.703125
565,2019-10-04 01:25,45.74652862548828,62.99189758300781,323.1481628417969,30.64814758300781,50.05208206176758
566,2019-10-04 01:26,59.54861068725586,62.76041793823242,348.2638854980469,28.009260177612305,50.44270706176758
567,2019-10-04 01:27,62.36979293823242,63.33911895751953,352.0833435058594,28.15972137451172,50.78125
568,2019-10-04 01:28,52.95138931274414,63.54166793823242,281.0185241699219,27.63888931274414,50.91145706176758
569,2019-10-04 01:29,65.88541412353516,63.45486068725586,299.8842468261719,28.252315521240234,50.46875
570,2019-10-04 01:30,61.63194274902344,62.99189758300781,265.3935241699219,28.391202926635746,50.67708206176758
571,2019-10-04 01:31,58.984375,61.63194274902344,251.73611450195312,28.64583396911621,50.41666793823242
572,2019-10-04 01:32,52.17013931274414,62.87615585327149,261.1111145019531,28.86573982238769,51.171875
573,2019-10-04 01:33,55.81597137451172,63.07870483398438,268.2870483398437,28.99305534362793,50.83333206176758
574,2019-10-04 01:34,43.01215362548828,62.32638931274414,278.24075317382807,29.328702926635746,50.98958206176758
575,2019-10-04 01:35,98.69791412353516,62.03703689575195,262.96295166015625,28.78472137451172,50.9375
576,2019-10-04 01:36,43.57638931274415,62.52893447875977,245.94908142089844,29.72222137451172,51.40625
577,2019-10-04 01:37,60.19965362548828,62.70254516601562,354.5138854980469,29.36342620849609,51.06770706176758
578,2019-10-04 01:38,50.0,62.6446762084961,334.375,29.09722137451172,51.14583206176758
579,2019-10-04 01:39,63.49826431274414,62.00810241699218,346.6435241699219,29.79166603088379,51.38020706176758
580,2019-10-04 01:40,64.19271087646486,61.77661895751953,313.7731628417969,29.537036895751953,51.90104293823242
581,2019-10-04 01:41,69.40103912353516,63.71527862548828,224.5370330810547,29.236110687255856,51.796875
582,2019-10-04 01:42,53.81944274902344,62.38425827026367,178.125,29.699073791503906,51.43229293823242
583,2019-10-04 01:43,56.42361068725586,61.60300827026367,111.2268524169922,29.34027862548828,51.51041793823242
584,2019-10-04 01:44,46.18055725097656,62.06597137451172,74.53704071044923,29.259260177612305,51.875
585,2019-10-04 01:45,63.02083206176758,63.04977035522461,181.36573791503903,29.35185241699219,52.109375
586,2019-10-04 01:46,76.25868225097656,62.52893447875977,160.4166717529297,29.58333396911621,51.69270706176758
587,2019-10-04 01:47,48.828125,62.29745483398438,180.55555725097656,29.39814758300781,51.77083206176758
588,2019-10-04 01:48,44.35763931274415,62.5,236.57408142089844,29.849536895751953,52.1875
589,2019-10-04 01:49,49.43576431274414,64.81481170654297,327.8935241699219,29.768518447875977,52.47395706176758
590,2019-10-04 01:50,44.48784637451172,63.4259262084961,379.2824096679688,29.40972137451172,52.16145706176758
591,2019-10-04 01:51,81.25,63.94675827026367,272.45370483398443,29.58333396911621,52.31770706176758
592,2019-10-04 01:52,59.72222137451172,62.76041793823242,337.84722900390625,29.58333396911621,52.52604293823242
593,2019-10-04 01:53,60.41666793823242,62.78935241699218,348.2638854980469,29.467592239379886,52.86458206176758
594,2019-10-04 01:54,62.32638931274414,63.10763931274414,323.03240966796875,28.946760177612305,52.08333206176758
595,2019-10-04 01:55,60.06944274902344,62.84722137451172,329.9768371582032,29.28240776062012,52.52604293823242
596,2019-10-04 01:56,60.85069274902344,62.47106552124024,311.1111145019532,29.93055534362793,52.60416793823242
597,2019-10-04 01:57,46.31076431274414,63.33911895751953,304.745361328125,29.94212913513184,53.046875
598,2019-10-04 01:58,57.03125,64.81481170654297,354.28240966796875,29.65277862548828,53.046875
599,2019-10-04 01:59,16.276041030883786,64.32291412353516,347.22222900390625,29.61805534362793,53.46354293823242
600,2019-10-04 02:00,0.0,63.74421310424805,355.09259033203125,29.51388931274414,53.69791793823242
601,2019-10-04 02:01,3.515625,63.80208206176758,332.2916564941406,29.80323982238769,54.11458206176758
602,2019-10-04 02:02,7.50868034362793,65.19097137451172,315.0462951660156,29.97685241699219,53.88020706176758
603,2019-10-04 02:03,18.27256965637207,64.0625,337.2685241699219,29.49073982238769,53.4375
604,2019-10-04 02:04,18.01215362548828,64.23611450195314,341.2037048339844,29.82638931274414,53.75
605,2019-10-04 02:05,3.472222328186035,64.20717620849611,329.629638671875,29.6875,54.24479293823242
606,2019-10-04 02:06,0.0,64.26504516601561,369.7916564941406,29.90740776062012,54.66145706176758
607,2019-10-04 02:07,0.0,64.20717620849611,353.35647583007807,29.884260177612305,54.765625
608,2019-10-04 02:08,14.019097328186035,64.32291412353516,363.0787048339844,29.421297073364254,55.05208206176758
609,2019-10-04 02:09,15.234375,64.23611450195314,340.27777099609375,29.28240776062012,55.390625
610,2019-10-04 02:10,0.0,64.14930725097656,295.6018371582031,29.537036895751953,55.67708206176758
611,2019-10-04 02:11,0.0,64.09143829345703,332.2916564941406,28.58796310424805,55.234375
612,2019-10-04 02:12,0.0,64.26504516601561,286.6898193359375,28.86573982238769,55.26041793823242
613,2019-10-04 02:13,0.0,64.20717620849611,228.9351806640625,28.69212913513184,55.52083206176758
614,2019-10-04 02:14,0.0,64.46759033203125,168.05555725097656,28.668981552124023,55.859375
615,2019-10-04 02:15,0.0,64.32291412353516,175.57870483398438,28.136573791503906,55.88541793823242
616,2019-10-04 02:16,0.0,64.46759033203125,198.61111450195312,28.96990776062012,56.015625
617,2019-10-04 02:17,0.0,64.61226654052734,335.7638854980469,29.36342620849609,56.27604293823242
618,2019-10-04 02:18,0.0,64.32291412353516,305.4398193359375,29.108797073364254,56.5625
619,2019-10-04 02:19,21.267360687255856,64.90161895751953,250.5787048339844,28.71527862548828,55.625
620,2019-10-04 02:20,110.76388549804688,64.03356170654297,275.0,28.807870864868164,55.390625
621,2019-10-04 02:21,103.55902862548828,63.4259262084961,345.0231628417969,28.981481552124023,55.41666793823242
622,2019-10-04 02:22,73.4809036254883,63.51272964477539,324.65277099609375,28.65740776062012,55.96354293823242
623,2019-10-04 02:23,48.13368225097656,64.38079071044922,330.2083435058594,28.611110687255856,56.06770706176758
624,2019-10-04 02:24,58.72395706176758,64.23611450195314,279.8611145019532,29.90740776062012,55.546875
625,2019-10-04 02:25,63.10763931274414,63.28125,298.84259033203125,29.293981552124023,55.703125
626,2019-10-04 02:26,60.37326431274414,63.22338104248047,325.0,29.90740776062012,56.06770706176758
627,2019-10-04 02:27,58.94097137451172,64.93055725097656,332.1759338378906,28.86573982238769,56.484375
628,2019-10-04 02:28,66.23263549804689,65.30670928955078,307.1759338378906,28.65740776062012,56.015625
629,2019-10-04 02:29,58.59375,64.58333587646486,311.1111145019532,28.65740776062012,56.11979293823242
630,2019-10-04 02:30,63.84548568725586,63.22338104248047,352.1990661621094,28.72685241699219,55.83333206176758
631,2019-10-04 02:31,77.734375,64.00463104248047,328.9351806640625,29.155092239379886,56.5625
632,2019-10-04 02:32,54.34027862548828,64.14930725097656,352.3148193359375,28.40277862548828,56.09375
633,2019-10-04 02:33,88.84548950195312,63.22338104248047,269.32870483398443,27.65046310424805,56.19791793823242
634,2019-10-04 02:34,79.25347137451173,62.06597137451172,318.98147583007807,27.71990776062012,56.45833206176758
635,2019-10-04 02:35,62.36979293823242,62.5,335.0694580078125,27.80092620849609,56.43229293823242
636,2019-10-04 02:36,68.40277862548828,62.81828689575195,298.495361328125,27.56944465637207,56.14583206176758
637,2019-10-04 02:37,71.26736450195312,62.84722137451172,267.4768371582032,28.34490776062012,56.25
638,2019-10-04 02:38,74.56597137451173,61.48727035522461,284.375,28.06712913513184,56.19791793823242
639,2019-10-04 02:39,60.59027862548828,62.5,267.9398193359375,28.22916603088379,56.53645706176758
640,2019-10-04 02:40,53.16840362548828,64.12036895751953,112.61573791503906,28.11342620849609,56.74479293823242
641,2019-10-04 02:41,49.78298568725586,63.85995483398438,69.44444274902344,28.11342620849609,56.40625
642,2019-10-04 02:42,61.80555725097656,63.80208206176758,366.6666564941406,28.298610687255856,56.69270706176758
643,2019-10-04 02:43,64.62673950195314,63.45486068725586,224.8842620849609,28.46064758300781,57.03125
644,2019-10-04 02:44,37.06597137451172,63.25231552124024,114.46759033203124,28.55323982238769,57.31770706176758
645,2019-10-04 02:45,48.69791793823242,62.52893447875977,144.67591857910156,28.69212913513184,56.51041793823242
646,2019-10-04 02:46,87.28298950195312,61.80555725097656,119.90740966796876,28.22916603088379,56.77083206176758
647,2019-10-04 02:47,84.85243225097656,61.66088104248047,97.56944274902345,28.02083396911621,56.82291793823242
648,2019-10-04 02:48,56.07638931274414,61.77661895751953,119.21295928955078,28.27546310424805,57.23958206176758
649,2019-10-04 02:49,68.66319274902344,62.03703689575195,344.5601806640625,28.449073791503906,56.71875
650,2019-10-04 02:50,51.5625,62.355323791503906,200.9259185791016,28.391202926635746,56.77083206176758
651,2019-10-04 02:51,38.932292938232415,67.1875,305.90277099609375,27.91666603088379,57.21354293823242
652,2019-10-04 02:52,64.01909637451172,63.80208206176758,352.4305419921875,28.391202926635746,57.78645706176758
653,2019-10-04 02:53,67.83853912353516,63.39699172973633,375.46295166015625,28.69212913513184,56.82291793823242
654,2019-10-04 02:54,71.875,62.38425827026367,283.3333435058594,29.571760177612305,57.265625
655,2019-10-04 02:55,82.8125,62.55786895751953,158.3333282470703,29.548610687255856,57.16145706176758
656,2019-10-04 02:56,76.43228912353516,62.78935241699218,100.23148345947266,29.259260177612305,57.68229293823242
657,2019-10-04 02:57,64.71353912353516,63.45486068725586,327.8935241699219,29.606481552124023,57.68229293823242
658,2019-10-04 02:58,65.625,62.96296310424805,324.8842468261719,29.386573791503906,57.31770706176758
659,2019-10-04 02:59,71.39756774902344,62.55786895751953,272.6851806640625,29.733797073364254,57.421875
660,2019-10-04 03:00,76.30208587646483,62.6446762084961,306.1342468261719,29.733797073364254,57.890625
661,2019-10-04 03:01,72.96006774902342,62.90509414672852,295.9490661621094,29.35185241699219,57.91666793823242
662,2019-10-04 03:02,72.87326049804686,61.71875,340.97222900390625,29.6875,57.63020706176758
663,2019-10-04 03:03,80.38194274902342,61.74768447875977,296.875,30.20833396911621,57.78645706176758
664,2019-10-04 03:04,59.46180725097656,61.89236068725586,298.495361328125,29.21296310424805,57.91666793823242
665,2019-10-04 03:05,57.63888931274414,62.93402862548828,347.5694580078125,30.9375,58.33333206176758
666,2019-10-04 03:06,61.50173568725586,62.76041793823242,293.6342468261719,29.20138931274414,57.76041793823242
667,2019-10-04 03:07,70.18228912353516,62.44213104248047,268.4027709960937,28.85416603088379,57.8125
668,2019-10-04 03:08,69.44444274902344,62.03703689575195,95.9490737915039,28.77314758300781,58.07291793823242
669,2019-10-04 03:09,53.125,62.61574172973633,252.5462951660156,30.011573791503906,58.46354293823242
670,2019-10-04 03:10,70.09548950195314,62.09490585327149,341.4351806640625,29.82638931274414,58.07291793823242
671,2019-10-04 03:11,74.69618225097656,61.89236068725586,265.97222900390625,29.17823982238769,58.15104293823242
672,2019-10-04 03:12,78.25521087646483,62.12384414672852,248.61111450195312,29.6875,58.046875
673,2019-10-04 03:13,47.56944274902344,62.18171310424805,209.83796691894528,29.40972137451172,58.69791793823242
674,2019-10-04 03:14,47.61284637451172,62.87615585327149,259.375,30.370370864868164,58.46354293823242
675,2019-10-04 03:15,67.23090362548828,62.23958206176758,319.7916564941406,30.60185241699219,58.48958206176758
676,2019-10-04 03:16,71.31076049804688,62.47106552124024,341.5509338378906,30.86805534362793,58.54166793823242
677,2019-10-04 03:17,72.48263549804686,62.6446762084961,335.6481628417969,29.884260177612305,58.93229293823242
678,2019-10-04 03:18,69.44444274902344,63.54166793823242,316.4351806640625,30.38194465637207,58.984375
679,2019-10-04 03:19,65.01736450195314,63.136573791503906,308.6805419921875,30.10416603088379,58.88020706176758
680,2019-10-04 03:20,84.85243225097656,62.6446762084961,303.47222900390625,30.173610687255856,58.90625
681,2019-10-04 03:21,62.36979293823242,62.73147964477539,317.0138854980469,29.71064758300781,59.24479293823242
682,2019-10-04 03:22,75.60763549804686,63.16550827026367,313.4259338378906,30.393518447875977,59.58333206176758
683,2019-10-04 03:23,74.00173950195312,62.87615585327149,315.97222900390625,30.231481552124023,59.11458206176758
684,2019-10-04 03:24,59.20138931274414,63.85995483398438,315.85647583007807,30.87962913513184,59.24479293823242
685,2019-10-04 03:25,60.85069274902344,64.23611450195314,356.25,30.509260177612305,59.58333206176758
686,2019-10-04 03:26,63.93229293823242,63.25231552124024,312.84722900390625,31.377315521240234,60.0
687,2019-10-04 03:27,74.2621536254883,63.36805725097656,313.5416564941406,30.856481552124023,59.16666793823242
688,2019-10-04 03:28,69.01041412353516,62.81828689575195,287.73147583007807,30.64814758300781,59.53125
689,2019-10-04 03:29,69.79166412353516,62.90509414672852,340.97222900390625,30.60185241699219,59.47916793823242
690,2019-10-04 03:30,65.06076049804689,63.28125,280.3240661621094,29.861110687255856,60.13020706176758
691,2019-10-04 03:31,54.12326431274414,64.55439758300781,306.71295166015625,29.386573791503906,59.84375
692,2019-10-04 03:32,45.48611068725586,63.54166793823242,330.09259033203125,28.73842620849609,59.94791793823242
693,2019-10-04 03:33,74.00173950195312,63.83102035522461,316.2037048339844,28.69212913513184,59.97395706176758
694,2019-10-04 03:34,65.234375,63.45486068725586,315.27777099609375,28.37962913513184,60.57291793823242
695,2019-10-04 03:35,65.49478912353516,63.07870483398438,317.8240661621094,28.99305534362793,59.81770706176758
696,2019-10-04 03:36,73.17708587646483,62.41319274902344,289.3518371582031,28.86573982238769,59.94791793823242
697,2019-10-04 03:37,67.49131774902344,62.06597137451172,326.0416564941406,28.27546310424805,60.05208206176758
698,2019-10-04 03:38,75.69444274902342,62.58680725097656,298.2638854980469,28.611110687255856,60.49479293823242
699,2019-10-04 03:39,49.56597137451172,63.65740585327149,281.8287048339844,28.4375,60.72916793823242
700,2019-10-04 03:40,58.89756774902344,63.94675827026367,364.46759033203125,28.483797073364254,60.36458206176758
701,2019-10-04 03:41,62.109375,63.39699172973633,317.8240661621094,28.72685241699219,60.41666793823242
702,2019-10-04 03:42,78.86284637451173,63.48379516601562,314.3518371582032,28.46064758300781,60.9375
703,2019-10-04 03:43,75.78125,63.33911895751953,308.4490661621094,28.95833396911621,61.171875
704,2019-10-04 03:44,60.06944274902344,62.73147964477539,343.86575317382807,28.58796310424805,60.57291793823242
705,2019-10-04 03:45,84.375,62.81828689575195,320.4861145019531,28.171297073364254,60.83333206176758
706,2019-10-04 03:46,72.09201049804686,62.47106552124024,318.75,28.182870864868164,60.91145706176758
707,2019-10-04 03:47,59.63541793823242,63.68634414672852,325.46295166015625,28.043981552124023,61.328125
708,2019-10-04 03:48,41.97048568725585,64.09143829345703,339.8148193359375,28.668981552124023,60.9375
709,2019-10-04 03:49,61.50173568725586,63.74421310424805,288.5416564941406,29.02777862548828,61.06770706176758
710,2019-10-04 03:50,68.57638549804689,63.31018447875977,270.8333435058594,29.34027862548828,61.11979293823242
711,2019-10-04 03:51,78.5590286254883,63.77314758300781,312.73147583007807,29.39814758300781,61.61458206176758
712,2019-10-04 03:52,73.4809036254883,63.48379516601562,327.66204833984375,28.99305534362793,60.96354293823242
713,2019-10-04 03:53,73.828125,63.4259262084961,295.0231628417969,28.634260177612305,61.328125
714,2019-10-04 03:54,69.01041412353516,62.84722137451172,301.8518371582031,28.125,61.27604293823242
715,2019-10-04 03:55,59.80902862548828,62.73147964477539,303.24075317382807,28.321760177612305,61.71875
716,2019-10-04 03:56,69.83506774902344,63.02083206176758,338.65740966796875,29.00462913513184,61.796875
717,2019-10-04 03:57,70.52951049804688,62.61574172973633,335.1851806640625,28.90046310424805,61.51041793823242
718,2019-10-04 03:58,91.27603912353516,62.29745483398438,262.96295166015625,28.807870864868164,61.84895706176758
719,2019-10-04 03:59,64.23611450195314,63.74421310424805,322.5694580078125,28.14814758300781,62.36979293823242
720,2019-10-04 04:00,49.34895706176758,63.33911895751953,84.14351654052734,28.62268447875977,61.875
721,2019-10-04 04:01,85.28646087646483,62.90509414672852,44.44444274902344,27.11805534362793,61.40625
722,2019-10-04 04:02,75.73784637451173,62.12384414672852,209.72222900390625,24.51388931274414,61.51041793823242
723,2019-10-04 04:03,90.625,62.03703689575195,145.94908142089844,26.932870864868164,61.66666793823242
724,2019-10-04 04:04,47.56944274902344,62.61574172973633,31.94444465637207,27.65046310424805,62.00520706176758
725,2019-10-04 04:05,56.33680725097656,62.58680725097656,95.25463104248048,28.043981552124023,61.53645706176758
726,2019-10-04 04:06,67.27430725097656,62.67361068725586,147.6851806640625,27.78935241699219,61.58854293823242
727,2019-10-04 04:07,74.6527786254883,63.16550827026367,335.6481628417969,27.1875,61.69270706176758
728,2019-10-04 04:08,65.36458587646486,62.93402862548828,344.09722900390625,27.40740776062012,62.08333206176758
729,2019-10-04 04:09,62.28298568725586,61.63194274902344,246.18055725097656,23.796297073364254,61.640625
730,2019-10-04 04:10,97.13541412353516,61.45833206176758,178.24073791503906,24.49073982238769,61.82291793823242
731,2019-10-04 04:11,63.58506774902344,63.22338104248047,78.35648345947266,27.56944465637207,61.92708206176758
732,2019-10-04 04:12,56.640625,63.4259262084961,109.375,26.46990776062012,62.13541793823242
733,2019-10-04 04:13,61.28472137451172,62.44213104248047,288.65740966796875,24.768518447875977,62.109375
734,2019-10-04 04:14,71.65798950195312,63.65740585327149,266.5509338378906,24.641202926635746,61.74479293823242
735,2019-10-04 04:15,70.44271087646484,64.26504516601561,336.4583435058594,26.099536895751953,61.74479293823242
736,2019-10-04 04:16,75.86805725097656,62.23958206176758,284.375,26.85185241699219,62.109375
737,2019-10-04 04:17,77.21353912353516,61.80555725097656,333.91204833984375,27.233797073364254,62.23958206176758
738,2019-10-04 04:18,75.0434036254883,61.37152862548828,221.64352416992188,26.59722137451172,62.05729293823242
739,2019-10-04 04:19,62.890625,64.52545928955078,163.88888549804688,27.268518447875977,62.05729293823242
740,2019-10-04 04:20,66.53646087646486,62.90509414672852,169.5601806640625,28.298610687255856,62.23958206176758
741,2019-10-04 04:21,0.0,61.83449172973633,199.5370330810547,15.3125,62.8125
742,2019-10-04 04:22,0.0,61.83449172973633,180.7870330810547,1.817129611968994,62.91666793823242
743,2019-10-04 04:23,0.0,61.95022964477539,109.60648345947266,0.0,63.07291793823242
744,2019-10-04 04:24,0.0,61.66088104248047,32.29166793823243,-0.09259258955717088,63.22916793823242
745,2019-10-04 04:25,0.0,61.68981552124024,5.787036895751953,-0.09259258955717088,63.33333206176758
746,2019-10-04 04:26,0.0,61.71875,-0.4629629552364349,-0.09259258955717088,62.734375
747,2019-10-04 04:27,0.0,62.03703689575195,-0.3472222089767456,-0.09259258955717088,62.94270706176758
748,2019-10-04 04:28,0.0,61.8634262084961,130.67129516601562,-0.09259258955717088,63.046875
749,2019-10-04 04:29,0.0,61.8634262084961,63.88888931274414,-0.09259258955717088,63.22916793823242
750,2019-10-04 04:30,0.0,62.00810241699218,170.71759033203125,-0.09259258955717088,63.203125
751,2019-10-04 04:31,0.0,61.97916793823242,178.24073791503906,-0.09259258955717088,63.203125
752,2019-10-04 04:32,0.0,61.83449172973633,122.22222137451172,-0.09259258955717088,63.359375
753,2019-10-04 04:33,0.0,62.41319274902344,31.94444465637207,-0.09259258955717088,63.4375
754,2019-10-04 04:34,0.0,61.92129516601562,62.84722137451172,-0.1041666641831398,63.4375
755,2019-10-04 04:35,0.0,62.03703689575195,-0.3472222089767456,-0.09259258955717088,63.09895706176758
756,2019-10-04 04:36,0.0,62.5,23.72685241699219,-0.09259258955717088,63.25520706176758
757,2019-10-04 04:37,0.0,62.18171310424805,36.11111068725585,-0.1041666641831398,63.28125
758,2019-10-04 04:38,0.0,62.47106552124024,67.59259033203125,-0.09259258955717088,63.46354293823242
759,2019-10-04 04:39,0.0,62.55786895751953,165.85647583007812,-0.09259258955717088,63.359375
760,2019-10-04 04:40,0.0,62.70254516601562,272.9166564941406,-0.09259258955717088,63.48958206176758
761,2019-10-04 04:41,0.0,62.58680725097656,410.1851806640625,-0.09259258955717088,63.671875
762,2019-10-04 04:42,0.0,62.67361068725586,410.1851806640625,-0.1041666641831398,63.80208206176758
763,2019-10-04 04:43,0.0,62.84722137451172,410.30093383789057,-0.09259258955717088,63.15104293823242
764,2019-10-04 04:44,0.0,62.76041793823242,348.2638854980469,-0.1041666641831398,63.28125
765,2019-10-04 04:45,0.0,62.84722137451172,195.94908142089844,-0.1041666641831398,63.30729293823242
766,2019-10-04 04:46,0.0,62.73147964477539,213.7731475830078,-0.1041666641831398,63.4375
767,2019-10-04 04:47,0.0,62.81828689575195,357.754638671875,-0.09259258955717088,63.38541793823242
768,2019-10-04 04:48,0.0,62.61574172973633,195.13888549804688,-0.1041666641831398,63.4375
769,2019-10-04 04:49,0.0,63.136573791503906,160.1851806640625,-0.09259258955717088,63.56770706176758
770,2019-10-04 04:50,0.0,63.07870483398438,103.24073791503906,-0.09259258955717088,63.61979293823242
771,2019-10-04 04:51,0.0,63.10763931274414,35.76388931274414,-0.09259258955717088,63.30729293823242
772,2019-10-04 04:52,0.0,63.02083206176758,29.05092620849609,-0.09259258955717088,63.22916793823242
773,2019-10-04 04:53,0.0,63.33911895751953,-0.3472222089767456,-0.1041666641831398,63.41145706176758
774,2019-10-04 04:54,0.0,63.136573791503906,44.791667938232415,-0.09259258955717088,63.56770706176758
775,2019-10-04 04:55,0.0,62.90509414672852,49.76852035522461,-0.09259258955717088,63.59375
776,2019-10-04 04:56,0.0,63.28125,21.52777862548828,-0.1041666641831398,63.33333206176758
777,2019-10-04 04:57,0.0,63.31018447875977,7.407407283782959,-0.1041666641831398,63.48958206176758
778,2019-10-04 04:58,0.0,63.33911895751953,-0.2314814776182175,-0.09259258955717088,63.48958206176758
779,2019-10-04 04:59,0.0,63.45486068725586,-0.3472222089767456,-0.09259258955717088,63.59375
780,2019-10-04 05:00,0.0,63.65740585327149,-0.4629629552364349,-0.09259258955717088,63.15104293823242
781,2019-10-04 05:01,0.0,63.74421310424805,-0.3472222089767456,-0.09259258955717088,63.28125
782,2019-10-04 05:02,0.0,63.80208206176758,-0.3472222089767456,-0.1041666641831398,63.359375
783,2019-10-04 05:03,0.0,63.85995483398438,-0.3472222089767456,-0.09259258955717088,63.46354293823242
784,2019-10-04 05:04,0.0,64.03356170654297,172.56944274902344,-0.1041666641831398,63.09895706176758
785,2019-10-04 05:05,0.0,63.68634414672852,173.9583282470703,-0.09259258955717088,62.890625
786,2019-10-04 05:06,0.0,64.00463104248047,172.45370483398438,-0.1041666641831398,62.68229293823242
787,2019-10-04 05:07,0.0,63.77314758300781,172.10647583007812,-0.09259258955717088,62.5
788,2019-10-04 05:08,0.0,63.97569274902344,173.84259033203125,-0.09259258955717088,61.875
789,2019-10-04 05:09,0.0,64.09143829345703,173.7268524169922,-0.09259258955717088,61.640625
790,2019-10-04 05:10,0.0,64.12036895751953,172.10647583007812,-0.09259258955717088,61.61458206176758
791,2019-10-04 05:11,0.0,64.03356170654297,171.29629516601562,-0.1041666641831398,61.27604293823242
792,2019-10-04 05:12,0.0,64.23611450195314,169.2129669189453,-0.1041666641831398,60.9375
793,2019-10-04 05:13,0.0,64.0625,213.5416717529297,-0.09259258955717088,60.67708206176758
794,2019-10-04 05:14,0.0,64.14930725097656,91.43518829345705,-0.09259258955717088,60.59895706176758
795,2019-10-04 05:15,0.0,64.09143829345703,34.72222137451172,-0.09259258955717088,60.625
796,2019-10-04 05:16,0.0,64.09143829345703,103.47222137451172,-0.1041666641831398,60.703125
797,2019-10-04 05:17,0.0,64.17823791503906,157.63888549804688,-0.09259258955717088,60.20833206176758
798,2019-10-04 05:18,0.0,64.26504516601561,121.18055725097656,-0.1041666641831398,60.390625
799,2019-10-04 05:19,32.55208206176757,64.52545928955078,31.71296310424805,-0.09259258955717088,59.55729293823242
800,2019-10-04 05:20,124.26215362548828,65.07523345947266,3.9351851940155034,-0.09259258955717088,59.16666793823242
