,Timestamp,4,11,16,14,17
5002,2018-06-02 23:31,-0.09259258955717088,40.01736068725585,-0.3472222089767456,0.0,-1.2239583730697632
5003,2018-06-02 23:32,-0.09259258955717088,40.24884414672852,-0.3472222089767456,0.0,-1.2239583730697632
5004,2018-06-02 23:33,-0.1041666641831398,40.07522964477539,-0.3472222089767456,0.0,-1.2239583730697632
5005,2018-06-02 23:34,-0.1041666641831398,40.21990585327149,-0.3472222089767456,0.0,-1.2239583730697632
5006,2018-06-02 23:35,-0.09259258955717088,40.24884414672852,-0.3472222089767456,0.0,-1.25
5007,2018-06-02 23:36,-0.1041666641831398,40.01736068725585,-0.3472222089767456,0.0,-1.2239583730697632
5008,2018-06-02 23:37,-0.1041666641831398,40.16203689575195,-0.3472222089767456,0.0,-1.2239583730697632
5009,2018-06-02 23:38,-0.09259258955717088,40.13310241699219,-0.3472222089767456,0.0,-1.2239583730697632
5010,2018-06-02 23:39,-0.1041666641831398,39.95949172973633,-0.3472222089767456,0.0,-1.2239583730697632
5011,2018-06-02 23:40,-0.09259258955717088,40.16203689575195,300.23147583007807,0.0,-1.1979166269302368
5012,2018-06-02 23:41,-0.09259258955717088,40.16203689575195,310.6481628417969,0.0,-1.1979166269302368
5013,2018-06-02 23:42,-0.1041666641831398,39.93055725097656,300.6944580078125,0.0,-1.1979166269302368
5014,2018-06-02 23:43,-0.09259258955717088,40.07522964477539,311.4583435058594,0.0,-1.1979166269302368
5015,2018-06-02 23:44,-0.09259258955717088,39.90161895751953,309.375,0.0,-1.2239583730697632
5016,2018-06-02 23:45,-0.1041666641831398,40.046295166015625,303.24075317382807,0.0,-1.1979166269302368
5017,2018-06-02 23:46,-0.09259258955717088,39.988426208496094,304.745361328125,0.0,-1.1979166269302368
5018,2018-06-02 23:47,-0.1041666641831398,40.16203689575195,310.53240966796875,0.0,-1.1979166269302368
5019,2018-06-02 23:48,-0.09259258955717088,39.90161895751953,305.2083435058594,0.0,-1.1979166269302368
5020,2018-06-02 23:49,-0.09259258955717088,40.046295166015625,303.0092468261719,0.0,-1.1979166269302368
5021,2018-06-02 23:50,-0.09259258955717088,40.13310241699219,306.71295166015625,0.0,-1.1979166269302368
5022,2018-06-02 23:51,-0.09259258955717088,39.95949172973633,308.3333435058594,0.0,-1.1979166269302368
5023,2018-06-02 23:52,-0.09259258955717088,39.87268447875977,305.90277099609375,0.0,-1.1979166269302368
5024,2018-06-02 23:53,-0.09259258955717088,40.07522964477539,305.90277099609375,0.0,-1.1979166269302368
5025,2018-06-02 23:54,-0.09259258955717088,39.95949172973633,255.2083282470703,0.0,-1.1979166269302368
5026,2018-06-02 23:55,-0.09259258955717088,40.01736068725585,181.25,0.0,-0.859375
5027,2018-06-02 23:56,-0.09259258955717088,39.988426208496094,273.03240966796875,0.0,-0.3645833432674408
5028,2018-06-02 23:57,-0.09259258955717088,39.81481552124024,175.34722900390625,0.0,0.1041666641831398
5029,2018-06-02 23:58,-0.1041666641831398,39.78588104248047,239.23611450195312,0.0,0.5208333134651184
5030,2018-06-02 23:59,-0.1041666641831398,40.01736068725585,210.87962341308597,0.0,0.9635416865348818
5031,2018-06-03 00:00,-0.09259258955717088,40.21990585327149,214.46759033203125,0.0,1.4583333730697632
5032,2018-06-03 00:01,-0.09259258955717088,40.07522964477539,223.72685241699216,0.0,2.0052082538604736
5033,2018-06-03 00:02,-0.1041666641831398,39.988426208496094,217.82408142089844,0.0,2.5
5034,2018-06-03 00:03,-0.09259258955717088,39.81481552124024,210.4166717529297,0.0,2.9947917461395264
5035,2018-06-03 00:04,-0.09259258955717088,39.84375,221.18055725097656,0.0,3.125
5036,2018-06-03 00:05,-0.09259258955717088,39.95949172973633,216.2037048339844,0.0,2.734375
5037,2018-06-03 00:06,-0.09259258955717088,40.01736068725585,317.8240661621094,0.0,2.1614582538604736
5038,2018-06-03 00:07,-0.1041666641831398,40.01736068725585,331.9444580078125,0.0,2.734375
5039,2018-06-03 00:08,-0.1041666641831398,40.046295166015625,332.870361328125,0.0,3.359375
5040,2018-06-03 00:09,-0.09259258955717088,39.93055725097656,328.58795166015625,0.0,4.114583492279053
5041,2018-06-03 00:10,-0.09259258955717088,39.95949172973633,329.745361328125,0.0,4.739583492279053
5042,2018-06-03 00:11,-0.09259258955717088,39.75694274902344,332.9861145019531,0.0,5.260416507720947
5043,2018-06-03 00:12,-0.09259258955717088,39.95949172973633,256.71295166015625,0.0,5.755208492279053
5044,2018-06-03 00:13,-0.09259258955717088,39.95949172973633,272.8009338378906,0.0,6.25
5045,2018-06-03 00:14,-0.09259258955717088,39.988426208496094,293.28704833984375,0.0,6.796875
5046,2018-06-03 00:15,-0.09259258955717088,39.87268447875977,310.7638854980469,0.0,7.291666507720947
5047,2018-06-03 00:16,-0.09259258955717088,40.19097137451172,311.4583435058594,0.0,7.786458492279053
5048,2018-06-03 00:17,-0.09259258955717088,39.988426208496094,244.44444274902344,0.0,8.411458015441895
5049,2018-06-03 00:18,-0.09259258955717088,39.95949172973633,280.2083435058594,0.0,8.880208015441895
5050,2018-06-03 00:19,-0.09259258955717088,39.78588104248047,277.8935241699219,0.0,9.296875
5051,2018-06-03 00:20,1.2268518209457395,39.78588104248047,286.34259033203125,0.0,9.6875
5052,2018-06-03 00:21,15.06944465637207,39.90161895751953,279.3981628417969,0.0,10.15625
5053,2018-06-03 00:22,19.65277862548828,39.95949172973633,266.8981628417969,0.0,10.677083015441896
5054,2018-06-03 00:23,25.173610687255856,40.01736068725585,249.30555725097656,0.0,11.302083015441895
5055,2018-06-03 00:24,28.078702926635746,39.93055725097656,268.5185241699219,0.0,11.953125
5056,2018-06-03 00:25,29.884260177612305,39.95949172973633,278.47222900390625,0.0,12.65625
5057,2018-06-03 00:26,30.59027862548828,39.988426208496094,289.9305419921875,0.0,13.307291984558105
5058,2018-06-03 00:27,31.12268447875977,39.84375,249.4212951660156,0.0,14.010416984558105
5059,2018-06-03 00:28,31.134260177612305,40.07522964477539,302.1990661621094,0.0,14.791666984558105
5060,2018-06-03 00:29,32.17592620849609,39.93055725097656,265.1620483398437,0.0,15.442708015441895
5061,2018-06-03 00:30,31.81712913513184,39.90161895751953,249.07408142089844,0.0,15.911458015441895
5062,2018-06-03 00:31,31.793981552124023,39.90161895751953,266.4351806640625,0.0,16.354166030883786
5063,2018-06-03 00:32,31.50462913513184,40.16203689575195,295.0231628417969,0.0,16.744791030883786
5064,2018-06-03 00:33,31.77083396911621,39.90161895751953,273.1481628417969,0.0,16.223958969116214
5065,2018-06-03 00:34,32.17592620849609,39.84375,256.0185241699219,0.0,16.328125
5066,2018-06-03 00:35,32.407405853271484,40.13310241699219,286.34259033203125,0.0,16.979166030883786
5067,2018-06-03 00:36,32.58102035522461,39.95949172973633,271.5277709960937,0.0,17.76041603088379
5068,2018-06-03 00:37,33.24074172973633,39.78588104248047,295.71759033203125,0.0,18.59375
5069,2018-06-03 00:38,33.49536895751953,39.81481552124024,282.9861145019531,0.0,19.24479103088379
5070,2018-06-03 00:39,33.09027862548828,39.93055725097656,256.25,0.0,19.86979103088379
5071,2018-06-03 00:40,33.18286895751953,40.16203689575195,263.8888854980469,0.0,20.41666603088379
5072,2018-06-03 00:41,33.71527862548828,40.07522964477539,279.9768371582031,0.0,21.04166603088379
5073,2018-06-03 00:42,33.33333206176757,40.046295166015625,254.0509185791016,0.0,21.66666603088379
5074,2018-06-03 00:43,33.63425827026367,40.104167938232415,273.6111145019531,0.0,22.317708969116207
5075,2018-06-03 00:44,34.131942749023445,40.13310241699219,257.2916564941406,0.0,23.046875
5076,2018-06-03 00:45,34.29397964477539,40.046295166015625,286.9212951660156,0.0,23.75
5077,2018-06-03 00:46,34.00463104248047,39.95949172973633,254.7453765869141,0.0,24.296875
5078,2018-06-03 00:47,34.34027862548828,39.87268447875977,242.2453765869141,0.0,24.609375
5079,2018-06-03 00:48,34.17824172973633,39.93055725097656,261.6898193359375,0.0,24.81770896911621
5080,2018-06-03 00:49,34.34027862548828,40.01736068725585,293.40277099609375,0.0,25.02604103088379
5081,2018-06-03 00:50,33.91203689575195,39.93055725097656,275.34722900390625,0.0,25.20833396911621
5082,2018-06-03 00:51,34.56018447875977,39.84375,258.79629516601557,0.0,25.36458396911621
5083,2018-06-03 00:52,34.375,39.93055725097656,265.97222900390625,0.0,25.57291603088379
5084,2018-06-03 00:53,33.85416793823243,39.84375,285.3009338378906,0.0,25.859375
5085,2018-06-03 00:54,34.131942749023445,39.78588104248047,291.3194580078125,0.0,26.11979103088379
5086,2018-06-03 00:55,33.64583206176757,39.67013931274415,249.4212951660156,0.0,26.40625
5087,2018-06-03 00:56,33.95833206176757,39.988426208496094,270.254638671875,0.0,26.71875
5088,2018-06-03 00:57,34.32870483398437,39.93055725097656,255.32408142089844,0.0,26.82291603088379
5089,2018-06-03 00:58,33.969905853271484,39.81481552124024,253.125,0.0,26.82291603088379
5090,2018-06-03 00:59,33.86574172973633,39.90161895751953,255.7870330810547,0.0,26.69270896911621
5091,2018-06-03 01:00,34.131942749023445,40.07522964477539,294.6759338378906,0.0,26.328125
5092,2018-06-03 01:01,34.36342620849609,40.046295166015625,271.0648193359375,0.0,25.33854103088379
5093,2018-06-03 01:02,34.09722137451172,39.84375,260.53240966796875,0.0,25.52083396911621
5094,2018-06-03 01:03,34.22453689575195,39.81481552124024,287.03704833984375,0.0,25.52083396911621
5095,2018-06-03 01:04,34.20138931274414,40.07522964477539,300.8101806640625,0.0,25.78125
5096,2018-06-03 01:05,34.375,39.72800827026367,260.53240966796875,0.0,26.25
5097,2018-06-03 01:06,34.131942749023445,38.80208206176758,254.51388549804688,0.0,26.40625
5098,2018-06-03 01:07,34.594905853271484,50.02893447875977,267.4768371582032,0.0,25.91145896911621
5099,2018-06-03 01:08,34.085647583007805,57.89930725097656,310.6481628417969,0.0,25.9375
5100,2018-06-03 01:09,34.710647583007805,58.18865585327149,239.93055725097656,0.0,26.015625
5101,2018-06-03 01:10,35.19675827026367,71.06481170654297,260.6481628417969,0.0,26.484375
5102,2018-06-03 01:11,34.88425827026367,72.25115966796875,271.1805419921875,0.0,26.74479103088379
5103,2018-06-03 01:12,34.502315521240234,71.75926208496094,263.5416564941406,0.0,26.82291603088379
5104,2018-06-03 01:13,34.375,68.40277862548828,261.1111145019531,0.0,26.82291603088379
5105,2018-06-03 01:14,34.79166793823243,67.73726654052734,274.6527709960937,0.0,26.66666603088379
5106,2018-06-03 01:15,34.93055725097657,66.84027862548828,261.8055419921875,0.0,26.27604103088379
5107,2018-06-03 01:16,35.45138931274414,66.43518829345703,254.0509185791016,0.0,26.22395896911621
5108,2018-06-03 01:17,35.023147583007805,66.57986450195314,247.4537048339844,0.0,26.38020896911621
5109,2018-06-03 01:18,34.94213104248047,65.97222137451172,261.6898193359375,0.0,26.484375
5110,2018-06-03 01:19,35.28935241699219,65.39351654052734,248.1481475830078,0.0,26.58854103088379
5111,2018-06-03 01:20,35.57870483398437,65.24884033203125,247.4537048339844,0.0,26.82291603088379
5112,2018-06-03 01:21,35.65972137451172,64.61226654052734,274.0740661621094,0.0,26.92708396911621
5113,2018-06-03 01:22,35.949073791503906,63.77314758300781,258.79629516601557,0.0,26.875
5114,2018-06-03 01:23,35.91435241699219,64.78588104248047,277.54629516601557,0.0,27.578125
5115,2018-06-03 01:24,35.752315521240234,65.10416412353516,264.004638671875,0.0,28.046875
5116,2018-06-03 01:25,36.11111068725585,65.24884033203125,254.62962341308597,0.0,28.48958396911621
5117,2018-06-03 01:26,35.89120483398437,64.95948791503906,257.40740966796875,0.0,28.80208396911621
5118,2018-06-03 01:27,36.25,65.10416412353516,261.34259033203125,0.0,28.671875
5119,2018-06-03 01:28,36.12268447875977,64.75694274902344,290.85647583007807,0.0,27.734375
5120,2018-06-03 01:29,35.82175827026367,64.58333587646486,242.36111450195312,0.0,27.36979103088379
5121,2018-06-03 01:30,35.81018447875977,64.87268829345703,293.40277099609375,0.0,27.68229103088379
5122,2018-06-03 01:31,35.83333206176758,64.03356170654297,252.19908142089844,0.0,27.890625
5123,2018-06-03 01:32,35.844905853271484,63.77314758300781,266.8981628417969,0.0,27.91666603088379
5124,2018-06-03 01:33,36.13425827026367,63.36805725097656,223.4953765869141,0.0,28.28125
5125,2018-06-03 01:34,36.34259414672852,63.02083206176758,279.5138854980469,0.0,28.671875
5126,2018-06-03 01:35,36.13425827026367,62.78935241699218,300.5787048339844,0.0,29.0625
5127,2018-06-03 01:36,35.59027862548828,62.99189758300781,267.129638671875,0.0,29.40104103088379
5128,2018-06-03 01:37,36.28472137451172,62.87615585327149,290.3935241699219,0.0,29.71354103088379
5129,2018-06-03 01:38,36.03009414672852,63.25231552124024,280.5555419921875,0.0,30.234375
5130,2018-06-03 01:39,35.28935241699219,63.19444274902344,322.8009338378906,0.0,30.44270896911621
5131,2018-06-03 01:40,35.636573791503906,62.96296310424805,283.21759033203125,0.0,30.28645896911621
5132,2018-06-03 01:41,35.68286895751953,63.39699172973633,254.3981475830078,0.0,30.20833396911621
5133,2018-06-03 01:42,35.65972137451172,63.39699172973633,287.5,0.0,30.26041603088379
5134,2018-06-03 01:43,35.65972137451172,63.36805725097656,274.8842468261719,0.0,30.3125
5135,2018-06-03 01:44,36.238426208496094,63.33911895751953,274.3055419921875,0.0,30.44270896911621
5136,2018-06-03 01:45,35.70602035522461,63.65740585327149,275.34722900390625,0.0,30.59895896911621
5137,2018-06-03 01:46,35.50925827026367,63.74421310424805,240.27777099609372,0.0,30.78125
5138,2018-06-03 01:47,36.13425827026367,63.71527862548828,292.0138854980469,0.0,31.015625
5139,2018-06-03 01:48,36.33102035522461,63.77314758300781,268.17129516601557,0.0,31.19791603088379
5140,2018-06-03 01:49,36.52777862548828,63.85995483398438,280.67129516601557,0.0,31.45833396911621
5141,2018-06-03 01:50,35.439815521240234,63.85995483398438,255.4398193359375,0.0,31.66666603088379
5142,2018-06-03 01:51,35.27777862548828,63.83102035522461,282.0601806640625,0.0,31.953125
5143,2018-06-03 01:52,36.30786895751953,64.03356170654297,275.34722900390625,0.0,32.23958206176757
5144,2018-06-03 01:53,36.78240585327149,64.32291412353516,305.78704833984375,0.0,32.55208206176757
5145,2018-06-03 01:54,36.79397964477539,64.09143829345703,286.6898193359375,0.0,32.52604293823243
5146,2018-06-03 01:55,36.63194274902344,64.29398345947266,275.0,0.0,32.47395706176757
5147,2018-06-03 01:56,36.52777862548828,64.35185241699217,294.09722900390625,0.0,31.66666603088379
5148,2018-06-03 01:57,36.22685241699219,64.38079071044922,309.60647583007807,0.0,31.66666603088379
5149,2018-06-03 01:58,36.70138931274415,64.52545928955078,275.11575317382807,0.0,31.92708396911621
5150,2018-06-03 01:59,36.921295166015625,64.75694274902344,270.8333435058594,0.0,32.16145706176757
5151,2018-06-03 02:00,37.16435241699219,64.61226654052734,277.4305419921875,0.0,32.39583206176757
5152,2018-06-03 02:01,37.07175827026367,64.75694274902344,291.5509338378906,0.0,32.65625
5153,2018-06-03 02:02,36.921295166015625,64.58333587646486,277.6620483398437,0.0,32.890625
5154,2018-06-03 02:03,37.39583206176758,64.81481170654297,279.8611145019532,0.0,33.046875
5155,2018-06-03 02:04,36.921295166015625,65.07523345947266,270.370361328125,0.0,33.28125
5156,2018-06-03 02:05,37.37268447875977,65.16204071044922,272.6851806640625,0.0,33.56770706176757
5157,2018-06-03 02:06,37.71990585327149,65.13310241699217,290.97222900390625,0.0,33.80208206176757
5158,2018-06-03 02:07,37.65046310424805,72.54051208496094,258.5648193359375,84.4184036254883,32.91666793823243
5159,2018-06-03 02:08,37.88194274902344,70.68865966796875,301.7361145019531,72.09201049804686,32.78645706176757
5160,2018-06-03 02:09,37.74305725097656,69.84954071044922,265.5092468261719,57.37847137451172,32.265625
5161,2018-06-03 02:10,37.90509414672852,69.67592620849611,258.3333435058594,69.44444274902344,31.92708396911621
5162,2018-06-03 02:11,38.229167938232415,68.63426208496094,234.72222900390625,73.30728912353516,31.69270896911621
5163,2018-06-03 02:12,37.95138931274415,66.86920928955078,282.0601806640625,76.77951049804686,31.58854103088379
5164,2018-06-03 02:13,38.40277862548828,66.05902862548828,268.98147583007807,76.2152786254883,31.51041603088379
5165,2018-06-03 02:14,37.766204833984375,66.05902862548828,268.75,75.99826049804686,31.40625
5166,2018-06-03 02:15,38.483795166015625,65.24884033203125,294.09722900390625,74.609375,31.328125
5167,2018-06-03 02:16,38.125,65.07523345947266,257.754638671875,74.34896087646483,31.22395896911621
5168,2018-06-03 02:17,38.40277862548828,65.16204071044922,249.1898193359375,78.1684036254883,31.328125
5169,2018-06-03 02:18,38.28703689575195,67.79513549804689,266.5509338378906,72.04861450195312,31.77083396911621
5170,2018-06-03 02:19,38.77314758300781,67.15856170654297,275.9259338378906,73.35069274902342,32.13541793823243
5171,2018-06-03 02:20,38.4375,66.75347137451172,251.15740966796875,72.39583587646483,32.47395706176757
5172,2018-06-03 02:21,37.87036895751953,65.65393829345703,283.1018371582032,73.91493225097656,32.8125
5173,2018-06-03 02:22,38.18286895751953,65.30670928955078,287.2685241699219,75.4340286254883,32.68229293823243
5174,2018-06-03 02:23,38.03240585327149,64.87268829345703,274.0740661621094,77.21353912353516,31.74479103088379
5175,2018-06-03 02:24,38.72685241699219,64.35185241699217,269.6759338378906,75.17361450195312,31.328125
5176,2018-06-03 02:25,39.22453689575195,63.80208206176758,235.53240966796875,73.8715286254883,31.484375
5177,2018-06-03 02:26,38.86574172973633,63.77314758300781,263.65740966796875,71.484375,31.61458396911621
5178,2018-06-03 02:27,38.391204833984375,63.59953689575195,294.09722900390625,75.47743225097656,31.66666603088379
5179,2018-06-03 02:28,38.078704833984375,63.77314758300781,273.84259033203125,73.17708587646483,31.640625
5180,2018-06-03 02:29,38.41435241699219,63.94675827026367,256.59722900390625,74.78298950195312,31.640625
5181,2018-06-03 02:30,38.25231552124024,63.48379516601562,319.21295166015625,72.48263549804686,31.640625
5182,2018-06-03 02:31,38.47222137451172,62.81828689575195,272.9166564941406,75.52083587646483,31.74479103088379
5183,2018-06-03 02:32,38.449073791503906,62.84722137451172,278.8194580078125,73.39409637451173,32.05729293823243
5184,2018-06-03 02:33,39.30555725097656,62.12384414672852,264.120361328125,72.6996536254883,32.265625
5185,2018-06-03 02:34,38.71527862548828,61.71875,305.90277099609375,73.046875,32.23958206176757
5186,2018-06-03 02:35,39.12036895751953,62.06597137451172,239.46759033203125,74.56597137451173,32.08333206176757
5187,2018-06-03 02:36,38.51852035522461,62.26852035522461,290.16204833984375,69.22743225097656,31.84895896911621
5188,2018-06-03 02:37,37.95138931274415,62.23958206176758,288.5416564941406,71.78819274902344,31.58854103088379
5189,2018-06-03 02:38,38.04397964477539,62.32638931274414,272.6851806640625,72.74305725097656,31.35416603088379
5190,2018-06-03 02:39,38.113426208496094,62.32638931274414,311.9212951660156,70.74652862548828,31.30208396911621
5191,2018-06-03 02:40,37.46527862548828,62.55786895751953,299.7685241699219,72.17881774902342,31.14583396911621
5192,2018-06-03 02:41,37.824073791503906,61.92129516601562,254.97685241699216,75.65103912353516,31.22395896911621
5193,2018-06-03 02:42,37.824073791503906,61.97916793823242,279.8611145019532,72.65625,31.11979103088379
5194,2018-06-03 02:43,38.171295166015625,61.74768447875977,315.27777099609375,71.52777862548828,30.80729103088379
5195,2018-06-03 02:44,38.10185241699219,61.83449172973633,314.46759033203125,73.13368225097656,30.9375
5196,2018-06-03 02:45,37.83564758300781,63.136573791503906,267.129638671875,69.921875,31.328125
5197,2018-06-03 02:46,38.05555725097656,62.41319274902344,315.27777099609375,77.86458587646483,31.61458396911621
5198,2018-06-03 02:47,37.52314758300781,61.54513931274414,249.30555725097656,70.703125,31.74479103088379
5199,2018-06-03 02:48,37.53472137451172,61.25578689575195,304.5138854980469,69.35763549804689,31.97916603088379
5200,2018-06-03 02:49,37.28009414672852,61.19791793823242,288.1944580078125,73.13368225097656,32.05729293823243
5201,2018-06-03 02:50,37.71990585327149,60.35879516601562,282.9861145019531,75.78125,31.71875
5202,2018-06-03 02:51,37.546295166015625,60.9375,262.3842468261719,74.609375,30.91145896911621
5203,2018-06-03 02:52,37.199073791503906,59.86689758300781,266.6666564941406,73.39409637451173,31.14583396911621
5204,2018-06-03 02:53,37.59259414672852,60.27199172973633,312.84722900390625,75.56423950195312,31.11979103088379
5205,2018-06-03 02:54,37.34953689575195,59.89583206176758,278.58795166015625,73.91493225097656,31.14583396911621
5206,2018-06-03 02:55,37.09490585327149,60.53240585327149,273.2638854980469,75.30381774902342,31.06770896911621
5207,2018-06-03 02:56,37.25694274902344,60.76388931274414,268.86575317382807,75.0434036254883,31.14583396911621
5208,2018-06-03 02:57,37.07175827026367,61.0821762084961,254.51388549804688,71.13715362548828,31.45833396911621
5209,2018-06-03 02:58,37.36111068725585,60.96643447875977,279.745361328125,69.57465362548828,31.74479103088379
5210,2018-06-03 02:59,37.08333206176758,60.99536895751953,269.7916564941406,73.046875,31.953125
5211,2018-06-03 03:00,37.31481552124024,60.50347137451172,275.0,75.21701049804686,32.23958206176757
5212,2018-06-03 03:01,37.488426208496094,59.66435241699218,291.6666564941406,78.90625,32.31770706176757
5213,2018-06-03 03:02,37.65046310424805,59.66435241699218,288.65740966796875,77.34375,32.21354293823243
5214,2018-06-03 03:03,38.171295166015625,59.5196762084961,280.9027709960937,74.609375,31.953125
5215,2018-06-03 03:04,38.86574172973633,59.40393447875977,301.0416564941406,73.78472137451173,31.74479103088379
5216,2018-06-03 03:05,38.15972137451172,59.54861068725586,284.2592468261719,72.22222137451173,31.53645896911621
5217,2018-06-03 03:06,37.824073791503906,59.11458206176758,290.0462951660156,74.2621536254883,31.38020896911621
5218,2018-06-03 03:07,38.55324172973633,59.43286895751953,253.9351806640625,71.00694274902344,31.45833396911621
5219,2018-06-03 03:08,38.391204833984375,59.40393447875977,305.6712951660156,73.0902786254883,31.45833396911621
5220,2018-06-03 03:09,38.55324172973633,58.99884414672852,291.6666564941406,73.17708587646483,31.38020896911621
5221,2018-06-03 03:10,38.80786895751953,59.230323791503906,292.245361328125,74.17534637451173,31.53645896911621
5222,2018-06-03 03:11,38.854167938232415,59.49074172973633,255.2083282470703,71.13715362548828,31.484375
5223,2018-06-03 03:12,39.479167938232415,59.54861068725586,285.7638854980469,75.60763549804686,31.35416603088379
5224,2018-06-03 03:13,38.854167938232415,61.25578689575195,257.9861145019531,70.61631774902344,31.875
5225,2018-06-03 03:14,38.483795166015625,60.3009262084961,257.40740966796875,69.53125,32.29166793823243
5226,2018-06-03 03:15,38.29861068725585,59.5196762084961,312.2685241699219,77.12673950195312,32.34375
5227,2018-06-03 03:16,38.63425827026367,59.34606552124024,295.370361328125,76.51909637451173,32.34375
5228,2018-06-03 03:17,38.125,59.02777862548828,308.21759033203125,73.91493225097656,32.31770706176757
5229,2018-06-03 03:18,37.858795166015625,58.59375,272.5694580078125,73.35069274902342,31.875
5230,2018-06-03 03:19,37.83564758300781,58.15972137451172,299.0740661621094,80.46875,31.71875
5231,2018-06-03 03:20,37.61574172973633,58.04397964477539,276.96759033203125,76.30208587646483,31.92708396911621
5232,2018-06-03 03:21,37.453704833984375,58.27546310424805,325.46295166015625,72.48263549804686,32.00520706176757
5233,2018-06-03 03:22,37.02546310424805,58.10185241699218,300.9259338378906,72.6996536254883,31.97916603088379
5234,2018-06-03 03:23,37.199073791503906,58.91203689575195,261.8055419921875,73.828125,31.97916603088379
5235,2018-06-03 03:24,36.95602035522461,59.25925827026367,308.21759033203125,76.5625,32.08333206176757
5236,2018-06-03 03:25,36.45833206176758,60.24305725097656,286.2268371582031,68.48958587646486,32.08333206176757
5237,2018-06-03 03:26,36.40046310424805,60.47453689575195,300.5787048339844,71.22396087646484,32.1875
5238,2018-06-03 03:27,36.516204833984375,59.89583206176758,306.25,75.0,32.52604293823243
5239,2018-06-03 03:28,36.59722137451172,58.65161895751953,282.9861145019531,76.77951049804686,32.68229293823243
5240,2018-06-03 03:29,36.50463104248047,57.9571762084961,315.16204833984375,75.56423950195312,32.70833206176757
5241,2018-06-03 03:30,35.625,58.07291793823242,300.34722900390625,74.2621536254883,32.578125
5242,2018-06-03 03:31,36.52777862548828,57.75463104248047,306.1342468261719,77.08333587646483,32.5
5243,2018-06-03 03:32,36.05324172973633,57.40740585327149,291.78240966796875,71.484375,32.29166793823243
5244,2018-06-03 03:33,36.40046310424805,57.58102035522461,273.2638854980469,73.00347137451173,32.03125
5245,2018-06-03 03:34,36.27314758300781,57.69675827026367,294.21295166015625,73.39409637451173,31.82291603088379
5246,2018-06-03 03:35,36.203704833984375,57.29166793823242,281.1342468261719,74.6527786254883,31.84895896911621
5247,2018-06-03 03:36,36.203704833984375,57.23379516601562,258.21759033203125,78.125,32.05729293823243
5248,2018-06-03 03:37,35.87963104248047,57.23379516601562,280.4398193359375,75.91146087646483,32.08333206176757
5249,2018-06-03 03:38,35.78703689575195,57.14699172973633,316.6666564941406,74.56597137451173,31.92708396911621
5250,2018-06-03 03:39,36.12268447875977,57.14699172973633,304.28240966796875,73.56771087646483,32.00520706176757
5251,2018-06-03 03:40,35.55555725097656,58.33333206176758,301.620361328125,73.4375,32.1875
5252,2018-06-03 03:41,36.62036895751953,58.85416793823242,292.3611145019531,68.83680725097656,32.91666793823243
5253,2018-06-03 03:42,36.90972137451172,57.87036895751953,296.875,69.40103912353516,33.203125
5254,2018-06-03 03:43,36.77083206176758,57.89930725097656,299.4212951660156,73.61111450195312,33.38541793823243
5255,2018-06-03 03:44,36.550926208496094,57.46527862548828,272.22222900390625,73.69791412353516,33.48958206176757
5256,2018-06-03 03:45,36.68981552124024,57.60995483398438,294.3287048339844,71.83159637451172,33.28125
5257,2018-06-03 03:46,36.37731552124024,57.55208206176758,291.8981628417969,75.65103912353516,32.421875
5258,2018-06-03 03:47,36.666667938232415,57.58102035522461,246.64352416992188,72.17881774902342,32.55208206176757
5259,2018-06-03 03:48,36.574073791503906,57.52314758300781,289.2361145019531,76.47569274902342,32.8125
5260,2018-06-03 03:49,37.34953689575195,57.75463104248047,302.8935241699219,72.91666412353516,32.86458206176757
5261,2018-06-03 03:50,37.32638931274415,57.49421310424805,282.870361328125,73.26388549804686,32.94270706176757
5262,2018-06-03 03:51,37.33796310424805,57.72569274902344,298.495361328125,74.04513549804686,32.70833206176757
5263,2018-06-03 03:52,38.24074172973633,57.37847137451172,277.8935241699219,80.55555725097656,32.8125
5264,2018-06-03 03:53,38.229167938232415,58.21759414672852,266.20370483398443,71.78819274902344,32.86458206176757
5265,2018-06-03 03:54,37.97453689575195,58.65161895751953,309.49075317382807,72.74305725097656,33.07291793823243
5266,2018-06-03 03:55,38.75,58.47800827026367,268.86575317382807,80.03472137451173,33.48958206176757
5267,2018-06-03 03:56,39.14352035522461,57.87036895751953,298.1481628417969,77.08333587646483,33.671875
5268,2018-06-03 03:57,38.796295166015625,57.34953689575195,310.53240966796875,76.08506774902342,33.64583206176757
5269,2018-06-03 03:58,38.96990585327149,56.94444274902344,276.3888854980469,76.73611450195312,33.48958206176757
5270,2018-06-03 03:59,38.81944274902344,56.71296310424805,287.15277099609375,72.35243225097656,33.54166793823243
5271,2018-06-03 04:00,39.108795166015625,57.03125,295.0231628417969,69.140625,33.17708206176757
5272,2018-06-03 04:01,38.92361068725585,57.14699172973633,277.6620483398437,67.83853912353516,33.15104293823243
5273,2018-06-03 04:02,39.86111068725585,57.06018447875977,300.23147583007807,69.44444274902344,33.17708206176757
5274,2018-06-03 04:03,39.50231552124024,56.94444274902344,302.66204833984375,68.40277862548828,33.25520706176757
5275,2018-06-03 04:04,39.953704833984375,57.29166793823242,298.1481628417969,73.22048950195312,33.30729293823243
5276,2018-06-03 04:05,39.80324172973633,57.46527862548828,280.67129516601557,64.23611450195314,33.22916793823243
5277,2018-06-03 04:06,39.97685241699219,57.69675827026367,268.75,70.44271087646484,33.28125
5278,2018-06-03 04:07,39.43286895751953,57.87036895751953,279.9768371582031,65.92881774902344,33.25520706176757
5279,2018-06-03 04:08,39.6875,59.43286895751953,273.7268371582031,50.65104293823242,33.984375
5280,2018-06-03 04:09,39.96527862548828,59.40393447875977,271.4120483398437,47.52604293823242,34.50520706176757
5281,2018-06-03 04:10,39.78009414672852,58.88310241699218,283.91204833984375,53.47222137451172,34.79166793823243
5282,2018-06-03 04:11,39.96527862548828,58.39120483398438,275.6944580078125,54.21006774902344,34.97395706176757
5283,2018-06-03 04:12,39.96527862548828,58.39120483398438,248.9583282470703,51.86631774902344,35.02604293823243
5284,2018-06-03 04:13,39.96527862548828,58.53588104248047,315.0462951660156,49.34895706176758,34.47916793823243
5285,2018-06-03 04:14,39.96527862548828,58.68055725097656,273.9583435058594,53.55902862548828,34.34895706176757
5286,2018-06-03 04:15,39.96527862548828,58.85416793823242,301.2731628417969,51.86631774902344,34.71354293823243
5287,2018-06-03 04:16,39.97685241699219,59.08564758300781,288.5416564941406,53.29861068725586,34.79166793823243
5288,2018-06-03 04:17,39.96527862548828,59.375,276.96759033203125,49.34895706176758,34.84375
5289,2018-06-03 04:18,39.96527862548828,59.17245483398438,282.2916564941406,49.609375,34.79166793823243
5290,2018-06-03 04:19,39.97685241699219,59.34606552124024,277.1990661621094,52.03993225097656,34.73958206176757
5291,2018-06-03 04:20,39.96527862548828,59.02777862548828,234.2592620849609,51.77951431274414,34.71354293823243
5292,2018-06-03 04:21,39.97685241699219,59.25925827026367,189.46759033203125,52.69097137451172,35.02604293823243
5293,2018-06-03 04:22,39.96527862548828,60.41666793823242,282.754638671875,52.47395706176758,35.390625
5294,2018-06-03 04:23,39.96527862548828,60.011573791503906,256.48147583007807,55.859375,35.78125
5295,2018-06-03 04:24,39.96527862548828,59.46180725097656,198.03240966796875,52.64756774902344,35.9375
5296,2018-06-03 04:25,39.96527862548828,58.50694274902344,277.6620483398437,48.09027862548828,35.75520706176758
5297,2018-06-03 04:26,39.953704833984375,58.04397964477539,238.5416717529297,64.19271087646486,35.75520706176758
5298,2018-06-03 04:27,39.96527862548828,57.98611068725586,242.2453765869141,56.07638931274414,35.52083206176758
5299,2018-06-03 04:28,39.96527862548828,57.78356552124024,212.61573791503903,54.47048568725586,35.36458206176758
5300,2018-06-03 04:29,39.953704833984375,58.24652862548828,249.1898193359375,52.34375,35.3125
5301,2018-06-03 04:30,39.97685241699219,57.75463104248047,220.8333282470703,56.46701431274414,35.33854293823242
5302,2018-06-03 04:31,39.97685241699219,57.69675827026367,255.6712951660156,57.33506774902344,35.234375
5303,2018-06-03 04:32,39.96527862548828,57.87036895751953,205.09259033203125,53.125,35.18229293823243
5304,2018-06-03 04:33,39.96527862548828,57.9571762084961,258.4490661621094,54.03645706176758,35.36458206176758
5305,2018-06-03 04:34,39.97685241699219,57.9571762084961,211.11111450195312,53.99305725097656,35.390625
5306,2018-06-03 04:35,39.97685241699219,58.79629516601562,243.51852416992188,48.48090362548828,35.72916793823242
5307,2018-06-03 04:36,39.96527862548828,61.66088104248047,197.33796691894528,41.40625,36.45833206176758
5308,2018-06-03 04:37,39.953704833984375,61.19791793823242,170.25462341308594,49.34895706176758,36.69270706176758
5309,2018-06-03 04:38,39.953704833984375,61.19791793823242,214.1203765869141,58.94097137451172,36.953125
5310,2018-06-03 04:39,39.96527862548828,60.38772964477539,296.875,53.125,36.979167938232415
5311,2018-06-03 04:40,39.96527862548828,59.63541793823242,268.86575317382807,55.46875,36.875
5312,2018-06-03 04:41,39.988426208496094,59.17245483398438,228.0092620849609,59.85243225097656,36.354167938232415
5313,2018-06-03 04:42,39.953704833984375,59.05671310424805,270.9490661621094,52.08333206176758,36.45833206176758
5314,2018-06-03 04:43,39.97685241699219,58.99884414672852,211.6898193359375,51.47569274902344,36.61458206176758
5315,2018-06-03 04:44,39.96527862548828,59.49074172973633,316.6666564941406,52.21354293823242,36.84895706176758
5316,2018-06-03 04:45,39.953704833984375,59.31713104248047,296.2962951660156,51.47569274902344,36.979167938232415
5317,2018-06-03 04:46,39.96527862548828,59.25925827026367,290.27777099609375,53.16840362548828,37.08333206176758
5318,2018-06-03 04:47,39.96527862548828,59.75115585327149,289.46759033203125,55.51215362548828,37.213542938232415
5319,2018-06-03 04:48,39.953704833984375,59.95370483398438,192.7083282470703,53.08159637451172,37.213542938232415
5320,2018-06-03 04:49,39.94213104248047,59.95370483398438,167.59259033203125,54.25347137451172,37.057292938232415
5321,2018-06-03 04:50,38.738426208496094,60.24305725097656,196.875,58.89756774902344,37.39583206176758
5322,2018-06-03 04:51,39.328704833984375,59.20138931274414,192.9398193359375,62.80381774902344,37.682292938232415
5323,2018-06-03 04:52,39.96527862548828,58.59375,266.6666564941406,61.15451431274414,37.70833206176758
5324,2018-06-03 04:53,39.56018447875977,58.33333206176758,178.125,63.32465362548828,37.63020706176758
5325,2018-06-03 04:54,39.83796310424805,58.33333206176758,247.6851806640625,51.04166793823242,37.8125
5326,2018-06-03 04:55,39.49074172973633,58.62268447875977,252.0833282470703,54.47048568725586,37.55208206176758
5327,2018-06-03 04:56,39.166667938232415,58.62268447875977,247.6851806640625,53.25520706176758,37.604167938232415
5328,2018-06-03 04:57,38.68055725097656,59.54861068725586,254.62962341308597,62.97743225097656,37.447917938232415
5329,2018-06-03 04:58,39.166667938232415,58.88310241699218,296.875,71.61458587646484,37.526042938232415
5330,2018-06-03 04:59,39.050926208496094,58.59375,275.6944580078125,71.83159637451172,37.421875
5331,2018-06-03 05:00,38.449073791503906,58.47800827026367,209.49073791503903,78.5590286254883,37.47395706176758
5332,2018-06-03 05:01,38.91203689575195,58.36227035522461,257.6388854980469,77.08333587646483,37.5
5333,2018-06-03 05:02,38.98147964477539,58.27546310424805,262.2685241699219,78.77603912353516,37.526042938232415
5334,2018-06-03 05:03,38.94675827026367,59.54861068725586,240.74073791503903,67.66493225097656,37.890625
5335,2018-06-03 05:04,39.050926208496094,59.95370483398438,261.1111145019531,70.74652862548828,38.41145706176758
5336,2018-06-03 05:05,39.97685241699219,59.375,267.129638671875,74.52256774902342,38.4375
5337,2018-06-03 05:06,38.46064758300781,58.68055725097656,262.1527709960937,74.6527786254883,38.48958206176758
5338,2018-06-03 05:07,37.77777862548828,58.99884414672852,242.9398193359375,77.17013549804686,38.463542938232415
5339,2018-06-03 05:08,37.83564758300781,58.68055725097656,241.2037048339844,72.61284637451173,38.151042938232415
5340,2018-06-03 05:09,37.916667938232415,58.33333206176758,262.96295166015625,75.4340286254883,37.838542938232415
5341,2018-06-03 05:10,37.00231552124024,58.82522964477539,237.5,75.390625,38.229167938232415
5342,2018-06-03 05:11,37.77777862548828,59.20138931274414,231.71296691894528,69.66146087646486,38.4375
5343,2018-06-03 05:12,36.828704833984375,59.40393447875977,228.0092620849609,78.03819274902342,38.307292938232415
5344,2018-06-03 05:13,37.66203689575195,59.49074172973633,249.4212951660156,81.2934036254883,38.25520706176758
5345,2018-06-03 05:14,37.59259414672852,59.375,255.09259033203125,77.64756774902342,38.09895706176758
5346,2018-06-03 05:15,37.291667938232415,59.11458206176758,236.11111450195312,79.07986450195312,38.25520706176758
5347,2018-06-03 05:16,38.34490585327149,58.79629516601562,197.9166717529297,77.7777786254883,38.41145706176758
5348,2018-06-03 05:17,36.42361068725585,58.82522964477539,203.3564758300781,74.609375,38.80208206176758
5349,2018-06-03 05:18,38.34490585327149,59.05671310424805,254.97685241699216,79.51388549804686,39.088542938232415
5350,2018-06-03 05:19,38.62268447875977,59.31713104248047,246.18055725097656,69.96527862548828,39.375
5351,2018-06-03 05:20,38.57638931274415,58.96990585327149,235.4166717529297,77.69097137451173,39.27083206176758
5352,2018-06-03 05:21,39.21296310424805,59.34606552124024,234.72222900390625,71.78819274902344,39.296875
5353,2018-06-03 05:22,38.95833206176758,59.25925827026367,243.05555725097656,73.828125,39.03645706176758
5354,2018-06-03 05:23,38.50694274902344,59.31713104248047,278.125,71.05034637451172,38.776042938232415
5355,2018-06-03 05:24,38.40277862548828,59.230323791503906,235.06944274902344,78.68923950195312,38.671875
5356,2018-06-03 05:25,38.36805725097656,59.72222137451172,218.2870330810547,78.86284637451173,38.59375
5357,2018-06-03 05:26,38.4375,59.230323791503906,267.9398193359375,80.42534637451173,38.776042938232415
5358,2018-06-03 05:27,38.21759414672852,59.34606552124024,248.84259033203125,72.78646087646483,38.776042938232415
5359,2018-06-03 05:28,38.171295166015625,59.230323791503906,240.0462951660156,74.21875,38.64583206176758
5360,2018-06-03 05:29,38.32175827026367,59.08564758300781,258.3333435058594,72.6996536254883,38.64583206176758
5361,2018-06-03 05:30,37.604167938232415,59.89583206176758,292.0138854980469,78.60243225097656,38.64583206176758
5362,2018-06-03 05:31,37.52314758300781,61.11111068725586,309.60647583007807,73.35069274902342,39.869792938232415
5363,2018-06-03 05:32,37.06018447875977,60.56134414672852,320.71759033203125,72.04861450195312,39.921875
5364,2018-06-03 05:33,37.65046310424805,59.63541793823242,264.2361145019532,77.51736450195312,39.947917938232415
5365,2018-06-03 05:34,37.8125,58.76736068725586,215.625,76.73611450195312,39.713542938232415
5366,2018-06-03 05:35,37.59259414672852,58.70949172973633,255.09259033203125,81.46701049804686,39.713542938232415
5367,2018-06-03 05:36,37.15277862548828,58.88310241699218,290.16204833984375,78.1684036254883,39.21875
5368,2018-06-03 05:37,37.65046310424805,61.19791793823242,225.9259185791016,71.00694274902344,39.088542938232415
5369,2018-06-03 05:38,37.98611068725585,59.40393447875977,222.22222900390625,79.90451049804686,39.244792938232415
5370,2018-06-03 05:39,37.916667938232415,59.75115585327149,205.55555725097656,86.71875,39.296875
5371,2018-06-03 05:40,38.02083206176758,59.08564758300781,306.59722900390625,76.6059036254883,39.244792938232415
5372,2018-06-03 05:41,37.67361068725585,59.28819274902344,114.12036895751952,81.25,39.03645706176758
5373,2018-06-03 05:42,37.46527862548828,59.17245483398438,210.9953765869141,83.85416412353516,39.21875
5374,2018-06-03 05:43,37.511573791503906,59.11458206176758,265.2777709960937,80.72916412353516,39.50520706176758
5375,2018-06-03 05:44,37.8125,60.12731552124024,254.97685241699216,74.69618225097656,39.635417938232415
5376,2018-06-03 05:45,37.40740585327149,59.78009414672852,264.2361145019532,76.73611450195312,39.97395706176758
5377,2018-06-03 05:46,38.14814758300781,59.08564758300781,194.5601806640625,79.86111450195312,40.15625
5378,2018-06-03 05:47,38.25231552124024,58.50694274902344,220.71759033203125,86.19791412353516,40.28645706176758
5379,2018-06-03 05:48,38.00925827026367,58.85416793823242,285.6481628417969,80.55555725097656,40.15625
5380,2018-06-03 05:49,38.24074172973633,59.05671310424805,251.73611450195312,76.47569274902342,40.078125
5381,2018-06-03 05:50,38.58796310424805,58.76736068725586,188.3101806640625,79.3402786254883,39.81770706176758
5382,2018-06-03 05:51,38.62268447875977,59.11458206176758,282.5231628417969,78.99305725097656,39.81770706176758
5383,2018-06-03 05:52,39.988426208496094,59.05671310424805,237.5,80.33853912353516,39.6875
5384,2018-06-03 05:53,39.96527862548828,58.7384262084961,181.71296691894528,73.35069274902342,39.73958206176758
5385,2018-06-03 05:54,39.96527862548828,58.88310241699218,221.7592620849609,76.69271087646483,39.869792938232415
5386,2018-06-03 05:55,39.43286895751953,58.88310241699218,266.20370483398443,83.55034637451173,40.0
5387,2018-06-03 05:56,39.61805725097656,61.11111068725586,260.1851806640625,78.81944274902342,40.026042938232415
5388,2018-06-03 05:57,39.29397964477539,60.56134414672852,274.3055419921875,79.42708587646483,39.765625
5389,2018-06-03 05:58,39.66435241699219,61.02430725097656,285.1851806640625,75.8246536254883,40.0
5390,2018-06-03 05:59,39.18981552124024,60.61921310424805,247.6851806640625,77.30034637451173,40.625
5391,2018-06-03 06:00,39.421295166015625,59.49074172973633,204.28240966796875,85.85069274902342,40.963542938232415
5392,2018-06-03 06:01,39.6875,59.46180725097656,248.72685241699216,80.94618225097656,41.171875
5393,2018-06-03 06:02,38.47222137451172,58.99884414672852,241.6666717529297,80.29513549804686,41.06770706176758
5394,2018-06-03 06:03,39.791667938232415,58.88310241699218,262.96295166015625,74.78298950195312,40.36458206176758
5395,2018-06-03 06:04,39.66435241699219,59.05671310424805,280.67129516601557,75.73784637451173,40.026042938232415
5396,2018-06-03 06:05,39.59490585327149,58.68055725097656,218.9814758300781,79.99131774902342,40.20833206176758
5397,2018-06-03 06:06,39.641204833984375,58.76736068725586,278.8194580078125,78.1684036254883,40.234375
5398,2018-06-03 06:07,39.66435241699219,58.91203689575195,210.4166717529297,79.94791412353516,40.234375
5399,2018-06-03 06:08,39.96527862548828,59.11458206176758,267.3611145019531,90.79861450195312,40.338542938232415
5400,2018-06-03 06:09,39.50231552124024,59.95370483398438,204.51388549804688,83.203125,40.338542938232415
5401,2018-06-03 06:10,39.074073791503906,60.011573791503906,235.9953765869141,82.8125,40.59895706176758
5402,2018-06-03 06:11,39.96527862548828,60.27199172973633,225.34722900390625,81.46701049804686,40.44270706176758
5403,2018-06-03 06:12,39.83796310424805,59.63541793823242,269.90740966796875,80.9027786254883,40.91145706176758
5404,2018-06-03 06:13,40.0,59.08564758300781,281.36575317382807,79.07986450195312,41.61458206176758
5405,2018-06-03 06:14,39.791667938232415,59.34606552124024,262.5,79.55728912353516,41.901042938232415
5406,2018-06-03 06:15,39.52546310424805,59.11458206176758,233.44908142089844,72.82986450195312,41.666667938232415
5407,2018-06-03 06:16,34.76852035522461,59.31713104248047,262.61575317382807,87.84722137451173,41.484375
5408,2018-06-03 06:17,38.93518447875977,59.54861068725586,273.9583435058594,75.390625,41.06770706176758
5409,2018-06-03 06:18,39.88425827026367,59.40393447875977,262.5,73.30728912353516,40.963542938232415
5410,2018-06-03 06:19,39.386573791503906,59.78009414672852,240.1620330810547,86.84896087646483,40.91145706176758
5411,2018-06-03 06:20,39.953704833984375,59.86689758300781,221.18055725097656,75.91146087646483,40.91145706176758
5412,2018-06-03 06:21,39.74536895751953,60.56134414672852,256.48147583007807,76.73611450195312,40.83333206176758
5413,2018-06-03 06:22,39.641204833984375,60.35879516601562,294.90740966796875,77.64756774902342,40.75520706176758
5414,2018-06-03 06:23,39.22453689575195,60.15625,254.28240966796875,78.86284637451173,40.729167938232415
5415,2018-06-03 06:24,39.45602035522461,60.09838104248047,200.11573791503903,75.99826049804686,40.78125
5416,2018-06-03 06:25,39.96527862548828,60.90856552124024,268.2870483398437,73.56771087646483,41.14583206176758
5417,2018-06-03 06:26,39.44444274902344,61.71875,255.09259033203125,72.6996536254883,41.84895706176758
5418,2018-06-03 06:27,39.97685241699219,61.51620483398438,237.26852416992188,90.71180725097656,41.875
5419,2018-06-03 06:28,39.94213104248047,60.76388931274414,270.370361328125,89.453125,42.109375
5420,2018-06-03 06:29,39.56018447875977,60.15625,244.3287048339844,96.22396087646484,42.057292938232415
5421,2018-06-03 06:30,38.72685241699219,60.18518447875977,285.4166564941406,95.96353912353516,41.796875
5422,2018-06-03 06:31,39.97685241699219,59.69328689575195,280.7870483398437,96.65798950195312,40.859375
5423,2018-06-03 06:32,39.91897964477539,59.05671310424805,218.75,102.82118225097656,41.09375
5424,2018-06-03 06:33,39.60647964477539,59.17245483398438,275.34722900390625,101.5625,41.119792938232415
5425,2018-06-03 06:34,39.54861068725585,59.14352035522461,199.76852416992188,110.15625,41.14583206176758
5426,2018-06-03 06:35,39.479167938232415,59.43286895751953,280.2083435058594,100.99826049804688,41.06770706176758
5427,2018-06-03 06:36,38.26388931274415,59.66435241699218,225.34722900390625,93.18576049804688,41.171875
5428,2018-06-03 06:37,39.29397964477539,59.54861068725586,289.9305419921875,97.56944274902345,41.119792938232415
5429,2018-06-03 06:38,38.84259414672852,59.40393447875977,259.49075317382807,94.70486450195312,41.06770706176758
5430,2018-06-03 06:39,38.94675827026367,60.06944274902344,256.9444580078125,98.74131774902345,41.354167938232415
5431,2018-06-03 06:40,39.57175827026367,60.04050827026367,259.83795166015625,106.59722137451172,41.822917938232415
5432,2018-06-03 06:41,39.22453689575195,58.53588104248047,220.94908142089844,101.08506774902344,42.057292938232415
5433,2018-06-03 06:42,38.95833206176758,58.50694274902344,320.370361328125,100.60763549804688,42.057292938232415
5434,2018-06-03 06:43,39.28240585327149,58.76736068725586,250.5787048339844,108.59375,41.875
5435,2018-06-03 06:44,39.18981552124024,58.82522964477539,274.1898193359375,98.91493225097656,41.640625
5436,2018-06-03 06:45,39.13194274902344,58.449073791503906,298.7268371582032,110.15625,41.14583206176758
5437,2018-06-03 06:46,39.22453689575195,58.59375,283.3333435058594,103.34201049804688,41.197917938232415
5438,2018-06-03 06:47,39.60647964477539,59.14352035522461,222.6851806640625,101.5625,41.171875
5439,2018-06-03 06:48,39.6875,59.28819274902344,218.1712951660156,107.16146087646484,41.09375
5440,2018-06-03 06:49,39.57175827026367,59.230323791503906,229.86111450195312,98.87152862548828,41.14583206176758
5441,2018-06-03 06:50,39.96527862548828,59.375,238.0787048339844,109.54861450195312,41.171875
5442,2018-06-03 06:51,39.90740585327149,59.75115585327149,259.60647583007807,109.20138549804688,40.9375
5443,2018-06-03 06:52,39.96527862548828,59.375,271.875,102.77777862548828,41.09375
5444,2018-06-03 06:53,39.953704833984375,59.92477035522461,254.86111450195312,93.79340362548828,41.69270706176758
5445,2018-06-03 06:54,39.86111068725585,58.91203689575195,218.51852416992188,100.73784637451172,41.901042938232415
5446,2018-06-03 06:55,39.988426208496094,58.449073791503906,302.5462951660156,105.42534637451172,42.213542938232415
5447,2018-06-03 06:56,39.96527862548828,58.76736068725586,249.07408142089844,105.12152862548828,42.47395706176758
5448,2018-06-03 06:57,39.96527862548828,59.14352035522461,177.43055725097656,99.30555725097656,42.39583206176758
5449,2018-06-03 06:58,39.96527862548828,59.25925827026367,242.01388549804688,95.61631774902345,41.666667938232415
5450,2018-06-03 06:59,39.953704833984375,59.86689758300781,287.2685241699219,97.74305725097656,41.510417938232415
5451,2018-06-03 07:00,39.96527862548828,59.60647964477539,293.1712951660156,102.43055725097656,41.71875
5452,2018-06-03 07:01,39.96527862548828,59.02777862548828,278.9351806640625,97.43923950195312,41.744792938232415
5453,2018-06-03 07:02,39.97685241699219,58.88310241699218,237.5,108.81076049804688,41.71875
5454,2018-06-03 07:03,39.97685241699219,59.72222137451172,266.6666564941406,95.44271087646484,41.61458206176758
5455,2018-06-03 07:04,39.953704833984375,59.89583206176758,273.03240966796875,100.34722137451172,41.45833206176758
5456,2018-06-03 07:05,39.96527862548828,59.95370483398438,293.86575317382807,105.33853912353516,41.61458206176758
5457,2018-06-03 07:06,39.988426208496094,59.31713104248047,222.6851806640625,100.60763549804688,41.796875
5458,2018-06-03 07:07,39.96527862548828,59.31713104248047,305.5555419921875,103.77603912353516,42.34375
5459,2018-06-03 07:08,39.96527862548828,59.31713104248047,215.0462951660156,99.34896087646484,42.8125
5460,2018-06-03 07:09,39.953704833984375,59.31713104248047,249.5370330810547,96.875,42.55208206176758
5461,2018-06-03 07:10,39.953704833984375,59.25925827026367,194.21296691894528,100.08680725097656,42.447917938232415
5462,2018-06-03 07:11,39.97685241699219,59.31713104248047,273.84259033203125,100.86805725097656,42.5
5463,2018-06-03 07:12,39.953704833984375,59.14352035522461,275.9259338378906,103.99305725097656,42.23958206176758
5464,2018-06-03 07:13,39.953704833984375,59.49074172973633,254.1666717529297,99.43576049804688,42.135417938232415
5465,2018-06-03 07:14,39.96527862548828,59.25925827026367,246.2962951660156,106.85763549804688,42.135417938232415
5466,2018-06-03 07:15,39.96527862548828,59.230323791503906,249.8842620849609,105.25173950195312,42.213542938232415
5467,2018-06-03 07:16,39.83796310424805,59.49074172973633,166.55091857910156,106.81423950195312,42.1875
5468,2018-06-03 07:17,39.44444274902344,59.375,237.61573791503903,94.79166412353516,42.109375
5469,2018-06-03 07:18,39.02777862548828,59.11458206176758,237.61573791503903,104.38368225097656,42.5
5470,2018-06-03 07:19,39.65277862548828,59.57754516601562,179.86111450195312,98.35069274902345,42.265625
5471,2018-06-03 07:20,38.24074172973633,60.35879516601562,243.40277099609372,115.75521087646484,42.369792938232415
5472,2018-06-03 07:21,38.05555725097656,61.37152862548828,245.48611450195312,91.92708587646484,43.28125
5473,2018-06-03 07:22,37.84722137451172,60.32986068725586,303.35647583007807,106.29340362548828,43.56770706176758
5474,2018-06-03 07:23,38.66897964477539,59.46180725097656,239.46759033203125,110.41666412353516,43.776042938232415
5475,2018-06-03 07:24,37.52314758300781,58.96990585327149,312.73147583007807,115.625,43.72395706176758
5476,2018-06-03 07:25,37.39583206176758,58.65161895751953,263.07870483398443,99.73958587646484,43.4375
5477,2018-06-03 07:26,37.71990585327149,58.79629516601562,241.2037048339844,105.72916412353516,42.838542938232415
5478,2018-06-03 07:27,37.74305725097656,58.76736068725586,251.50462341308597,104.77430725097656,42.734375
5479,2018-06-03 07:28,36.94444274902344,58.68055725097656,260.1851806640625,104.21006774902344,42.8125
5480,2018-06-03 07:29,39.96527862548828,58.47800827026367,257.0601806640625,109.07118225097656,42.8125
5481,2018-06-03 07:30,39.96527862548828,58.88310241699218,220.8333282470703,107.72569274902344,42.78645706176758
5482,2018-06-03 07:31,39.40972137451172,58.96990585327149,290.3935241699219,108.984375,42.838542938232415
5483,2018-06-03 07:32,36.875,59.49074172973633,275.23147583007807,96.91840362548828,43.02083206176758
5484,2018-06-03 07:33,37.44213104248047,59.54861068725586,207.8703765869141,110.19965362548828,42.94270706176758
5485,2018-06-03 07:34,37.546295166015625,59.54861068725586,234.02777099609372,95.18228912353516,43.41145706176758
5486,2018-06-03 07:35,37.38425827026367,59.17245483398438,271.6435241699219,117.88194274902344,43.80208206176758
5487,2018-06-03 07:36,37.58102035522461,59.08564758300781,241.08796691894528,105.98958587646484,43.984375
5488,2018-06-03 07:37,37.24536895751953,59.20138931274414,316.6666564941406,107.98611450195312,43.828125
5489,2018-06-03 07:38,37.59259414672852,60.09838104248047,238.88888549804688,96.484375,43.75
5490,2018-06-03 07:39,37.21064758300781,59.46180725097656,257.40740966796875,117.14409637451172,43.59375
5491,2018-06-03 07:40,36.63194274902344,59.40393447875977,266.6666564941406,120.35590362548828,43.25520706176758
5492,2018-06-03 07:41,37.22222137451172,59.20138931274414,309.2592468261719,105.77256774902344,43.203125
5493,2018-06-03 07:42,36.45833206176758,58.91203689575195,278.47222900390625,99.47916412353516,43.151042938232415
5494,2018-06-03 07:43,37.141204833984375,58.96990585327149,251.6203765869141,103.73263549804688,43.151042938232415
5495,2018-06-03 07:44,36.21527862548828,59.43286895751953,228.3564758300781,94.921875,43.33333206176758
5496,2018-06-03 07:45,36.08796310424805,59.14352035522461,222.6851806640625,99.17534637451172,43.25520706176758
5497,2018-06-03 07:46,36.36574172973633,58.99884414672852,222.6851806640625,113.19444274902344,43.307292938232415
5498,2018-06-03 07:47,35.87963104248047,61.0821762084961,301.620361328125,101.34548950195312,43.48958206176758
5499,2018-06-03 07:48,36.77083206176758,61.51620483398438,342.8240661621094,95.65972137451172,43.776042938232415
5500,2018-06-03 07:49,36.14583206176758,60.792823791503906,257.870361328125,100.99826049804688,44.21875
5501,2018-06-03 07:50,36.59722137451172,60.35879516601562,245.71759033203125,102.77777862548828,44.557292938232415
5502,2018-06-03 07:51,35.64814758300781,60.24305725097656,322.33795166015625,96.09375,44.713542938232415
5503,2018-06-03 07:52,35.3125,60.27199172973633,274.3055419921875,96.61458587646484,44.791667938232415
5504,2018-06-03 07:53,36.28472137451172,60.73495483398438,270.254638671875,106.90103912353516,43.932292938232415
5505,2018-06-03 07:54,35.55555725097656,61.14004516601562,260.53240966796875,100.08680725097656,43.671875
5506,2018-06-03 07:55,35.76388931274414,59.49074172973633,289.9305419921875,103.64583587646484,43.72395706176758
5507,2018-06-03 07:56,35.23147964477539,60.15625,294.7916564941406,104.94791412353516,43.776042938232415
5508,2018-06-03 07:57,34.6875,59.92477035522461,19.79166603088379,92.27430725097656,43.619792938232415
5509,2018-06-03 07:58,34.91897964477539,59.57754516601562,50.69444274902344,92.36111450195312,43.4375
5510,2018-06-03 07:59,35.219905853271484,60.53240585327149,279.8611145019532,102.99478912353516,43.56770706176758
5511,2018-06-03 08:00,35.96064758300781,60.35879516601562,145.0231475830078,105.078125,43.697917938232415
5512,2018-06-03 08:01,35.42824172973633,60.59027862548828,205.2083282470703,108.76736450195312,43.541667938232415
5513,2018-06-03 08:02,35.20833206176758,59.92477035522461,162.5,101.47569274902344,43.984375
5514,2018-06-03 08:03,34.814815521240234,59.08564758300781,166.8981475830078,100.73784637451172,44.557292938232415
5515,2018-06-03 08:04,34.907405853271484,66.11689758300781,170.94908142089844,90.45138549804688,44.140625
5516,2018-06-03 08:05,33.969905853271484,60.76388931274414,175.8101806640625,107.76909637451172,43.776042938232415
5517,2018-06-03 08:06,34.49074172973633,60.18518447875977,176.38888549804688,118.01215362548828,43.541667938232415
5518,2018-06-03 08:07,34.47916793823243,60.64814758300781,188.88888549804688,98.00347137451172,43.17708206176758
5519,2018-06-03 08:08,34.699073791503906,61.22685241699218,173.37962341308594,93.359375,42.8125
5520,2018-06-03 08:09,34.6875,61.77661895751953,172.45370483398438,103.60243225097656,42.734375
5521,2018-06-03 08:10,35.011573791503906,61.34259414672852,184.02777099609372,101.171875,42.734375
5522,2018-06-03 08:11,34.87268447875977,61.14004516601562,176.2731475830078,96.05034637451172,42.760417938232415
5523,2018-06-03 08:12,34.976852416992195,61.34259414672852,164.8148193359375,100.69444274902344,42.760417938232415
5524,2018-06-03 08:13,34.86111068725585,61.51620483398438,169.32870483398438,78.47222137451173,42.55208206176758
5525,2018-06-03 08:14,34.814815521240234,60.76388931274414,180.55555725097656,110.32986450195312,42.23958206176758
5526,2018-06-03 08:15,34.131942749023445,60.32986068725586,184.14352416992188,111.11111450195312,42.31770706176758
5527,2018-06-03 08:16,30.439815521240234,62.41319274902344,178.9351806640625,105.25173950195312,43.48958206176758
5528,2018-06-03 08:17,25.9375,61.63194274902344,181.8287048339844,99.34896087646484,43.671875
5529,2018-06-03 08:18,17.95138931274414,60.99536895751953,177.89352416992188,106.38021087646484,43.697917938232415
5530,2018-06-03 08:19,23.321760177612305,61.34259414672852,175.69444274902344,112.06597137451172,43.776042938232415
5531,2018-06-03 08:20,22.74305534362793,61.31365585327149,172.6851806640625,96.57118225097656,43.072917938232415
5532,2018-06-03 08:21,17.5,60.9375,183.3333282470703,92.92534637451172,42.08333206176758
5533,2018-06-03 08:22,4.212963104248047,59.92477035522461,176.2731475830078,100.21701049804688,42.135417938232415
5534,2018-06-03 08:23,-0.09259258955717088,60.99536895751953,181.71296691894528,94.31423950195312,42.109375
5535,2018-06-03 08:24,-0.09259258955717088,59.98263931274414,166.78240966796875,106.38021087646484,41.953125
5536,2018-06-03 08:25,-0.1041666641831398,60.9375,174.76852416992188,96.96180725097656,41.69270706176758
5537,2018-06-03 08:26,-0.1041666641831398,60.53240585327149,174.76852416992188,108.50694274902344,41.77083206176758
5538,2018-06-03 08:27,-0.1041666641831398,66.20370483398439,180.7870330810547,99.52256774902345,41.979167938232415
5539,2018-06-03 08:28,-0.1041666641831398,63.62847137451172,180.7870330810547,90.01736450195312,41.640625
5540,2018-06-03 08:29,-0.1041666641831398,61.80555725097656,182.98611450195312,111.89236450195312,41.666667938232415
5541,2018-06-03 08:30,-0.09259258955717088,61.28472137451172,178.00926208496094,116.015625,41.796875
5542,2018-06-03 08:31,-0.1041666641831398,60.87963104248047,188.0787048339844,104.77430725097656,41.822917938232415
5543,2018-06-03 08:32,-0.1041666641831398,60.73495483398438,177.19908142089844,100.30381774902344,41.796875
5544,2018-06-03 08:33,-0.09259258955717088,60.792823791503906,183.10185241699216,96.39756774902345,41.510417938232415
5545,2018-06-03 08:34,-0.09259258955717088,63.28125,178.70370483398438,108.42013549804688,41.015625
5546,2018-06-03 08:35,-0.09259258955717088,60.04050827026367,176.62037658691406,99.86978912353516,40.52083206176758
5547,2018-06-03 08:36,-0.09259258955717088,61.34259414672852,187.15277099609372,90.88541412353516,40.416667938232415
5548,2018-06-03 08:37,-0.1041666641831398,61.95022964477539,176.15740966796875,93.96701049804688,40.13020706176758
5549,2018-06-03 08:38,-0.1041666641831398,62.29745483398438,182.40740966796875,99.47916412353516,39.73958206176758
5550,2018-06-03 08:39,-0.1041666641831398,60.96643447875977,176.73611450195312,107.89930725097656,39.53125
5551,2018-06-03 08:40,-0.1041666641831398,60.44560241699218,179.51388549804688,97.35243225097656,39.50520706176758
5552,2018-06-03 08:41,-0.09259258955717088,59.28819274902344,184.14352416992188,115.53819274902344,39.765625
5553,2018-06-03 08:42,-0.09259258955717088,65.36458587646486,178.5879669189453,82.421875,39.557292938232415
5554,2018-06-03 08:43,-0.1041666641831398,62.47106552124024,176.50462341308594,91.27603912353516,39.869792938232415
5555,2018-06-03 08:44,-0.09259258955717088,63.94675827026367,178.81944274902344,105.72916412353516,40.3125
5556,2018-06-03 08:45,-0.1041666641831398,61.25578689575195,189.69908142089844,113.71527862548828,40.44270706176758
5557,2018-06-03 08:46,-0.1041666641831398,60.21411895751953,185.53240966796875,112.15277862548828,40.338542938232415
5558,2018-06-03 08:47,-0.09259258955717088,61.37152862548828,182.2916717529297,91.015625,40.52083206176758
5559,2018-06-03 08:48,-0.09259258955717088,60.70602035522461,182.0601806640625,105.16493225097656,38.48958206176758
5560,2018-06-03 08:49,-0.1041666641831398,60.27199172973633,182.8703765869141,95.44271087646484,38.229167938232415
5561,2018-06-03 08:50,-0.09259258955717088,60.96643447875977,179.05091857910156,103.515625,38.619792938232415
5562,2018-06-03 08:51,-0.1041666641831398,61.63194274902344,184.02777099609372,113.06423950195312,38.64583206176758
5563,2018-06-03 08:52,-0.09259258955717088,60.61921310424805,178.00926208496094,103.55902862548828,38.41145706176758
5564,2018-06-03 08:53,-0.1041666641831398,60.64814758300781,186.4583282470703,105.859375,37.96875
5565,2018-06-03 08:54,-0.1041666641831398,60.9375,173.49537658691406,93.66319274902345,37.734375
5566,2018-06-03 08:55,-0.09259258955717088,61.574073791503906,185.6481475830078,106.46701049804688,37.447917938232415
5567,2018-06-03 08:56,-0.09259258955717088,61.95022964477539,182.63888549804688,88.88888549804686,37.70833206176758
5568,2018-06-03 08:57,-0.1041666641831398,62.21064758300781,184.6064758300781,99.21875,38.151042938232415
5569,2018-06-03 08:58,-0.1041666641831398,60.76388931274414,184.14352416992188,108.24652862548828,37.96875
5570,2018-06-03 08:59,-0.09259258955717088,60.06944274902344,182.40740966796875,100.43402862548828,38.229167938232415
5571,2018-06-03 09:00,-0.1041666641831398,59.5196762084961,185.06944274902344,99.86978912353516,38.41145706176758
5572,2018-06-03 09:01,-0.09259258955717088,66.66666412353516,180.4398193359375,85.63368225097656,38.33333206176758
5573,2018-06-03 09:02,-0.09259258955717088,61.05324172973633,182.5231475830078,114.32291412353516,37.31770706176758
5574,2018-06-03 09:03,-0.1041666641831398,60.73495483398438,185.06944274902344,103.77603912353516,36.61458206176758
5575,2018-06-03 09:04,-0.09259258955717088,61.25578689575195,183.68055725097656,101.04166412353516,36.53645706176758
5576,2018-06-03 09:05,-0.09259258955717088,60.47453689575195,179.28240966796875,105.42534637451172,36.40625
5577,2018-06-03 09:06,-0.1041666641831398,61.31365585327149,184.02777099609372,101.08506774902344,36.276042938232415
5578,2018-06-03 09:07,-0.11574073880910872,60.15625,180.55555725097656,103.29861450195312,36.25
5579,2018-06-03 09:08,-0.1041666641831398,60.35879516601562,185.9953765869141,109.41840362548828,35.96354293823242
5580,2018-06-03 09:09,-0.09259258955717088,60.12731552124024,185.53240966796875,88.93228912353516,35.83333206176758
5581,2018-06-03 09:10,-0.1041666641831398,63.88888931274414,182.98611450195312,100.08680725097656,35.67708206176758
5582,2018-06-03 09:11,-0.09259258955717088,62.355323791503906,178.9351806640625,103.16840362548828,36.45833206176758
5583,2018-06-03 09:12,-0.1041666641831398,60.56134414672852,179.62962341308594,104.90451049804688,36.71875
5584,2018-06-03 09:13,-0.1041666641831398,61.14004516601562,183.5648193359375,94.40103912353516,36.744792938232415
5585,2018-06-03 09:14,-0.1041666641831398,60.44560241699218,187.26852416992188,112.41319274902344,36.666667938232415
5586,2018-06-03 09:15,-0.09259258955717088,60.50347137451172,177.0833282470703,107.55208587646484,36.06770706176758
5587,2018-06-03 09:16,-0.09259258955717088,62.15277862548828,191.31944274902344,97.74305725097656,35.20833206176758
5588,2018-06-03 09:17,-0.1041666641831398,62.12384414672852,181.01852416992188,88.84548950195312,34.79166793823243
5589,2018-06-03 09:18,-0.09259258955717088,60.82175827026367,185.06944274902344,125.13021087646484,34.94791793823243
5590,2018-06-03 09:19,-0.1041666641831398,61.11111068725586,180.09259033203125,108.63715362548828,34.94791793823243
5591,2018-06-03 09:20,-0.09259258955717088,60.09838104248047,180.2083282470703,107.03125,34.66145706176757
5592,2018-06-03 09:21,-0.1041666641831398,63.28125,183.5648193359375,103.03819274902344,34.34895706176757
5593,2018-06-03 09:22,-0.09259258955717088,61.40046310424805,185.06944274902344,114.10590362548828,34.27083206176757
5594,2018-06-03 09:23,-0.09259258955717088,61.574073791503906,189.5833282470703,98.56771087646484,34.19270706176757
5595,2018-06-03 09:24,-0.1041666641831398,61.66088104248047,181.1342620849609,110.02603912353516,34.50520706176757
5596,2018-06-03 09:25,-0.1041666641831398,63.54166793823242,192.9398193359375,104.55728912353516,34.765625
5597,2018-06-03 09:26,-0.09259258955717088,61.45833206176758,177.6620330810547,105.81597137451172,34.66145706176757
5598,2018-06-03 09:27,-0.09259258955717088,61.14004516601562,180.6712951660156,115.234375,34.47916793823243
5599,2018-06-03 09:28,-0.1041666641831398,60.792823791503906,188.5416717529297,115.14756774902344,34.453125
5600,2018-06-03 09:29,-0.09259258955717088,60.21411895751953,184.83796691894528,102.77777862548828,33.828125
5601,2018-06-03 09:30,-0.1041666641831398,60.32986068725586,178.125,108.55034637451172,32.86458206176757
5602,2018-06-03 09:31,-0.1041666641831398,60.15625,179.51388549804688,99.00173950195312,32.94270706176757
5603,2018-06-03 09:32,-0.1041666641831398,60.12731552124024,181.8287048339844,94.53125,32.83854293823243
5604,2018-06-03 09:33,-0.1041666641831398,59.98263931274414,185.06944274902344,98.00347137451172,32.421875
5605,2018-06-03 09:34,-0.09259258955717088,60.011573791503906,183.44908142089844,106.59722137451172,32.55208206176757
5606,2018-06-03 09:35,-0.11574073880910872,59.89583206176758,179.1666717529297,102.08333587646484,32.21354293823243
5607,2018-06-03 09:36,-0.1041666641831398,59.80902862548828,177.3148193359375,95.83333587646484,31.97916603088379
5608,2018-06-03 09:37,-0.09259258955717088,60.53240585327149,182.40740966796875,97.78646087646484,31.953125
5609,2018-06-03 09:38,-0.1041666641831398,63.65740585327149,183.5648193359375,93.22916412353516,32.55208206176757
5610,2018-06-03 09:39,-0.1041666641831398,62.84722137451172,180.32408142089844,93.75,32.76041793823243
5611,2018-06-03 09:40,-0.1041666641831398,61.54513931274414,187.0370330810547,112.15277862548828,32.60416793823243
5612,2018-06-03 09:41,-0.09259258955717088,65.85648345947266,184.6064758300781,107.55208587646484,32.65625
5613,2018-06-03 09:42,-0.1041666641831398,60.96643447875977,182.40740966796875,93.70659637451172,32.421875
5614,2018-06-03 09:43,-0.1041666641831398,60.792823791503906,177.43055725097656,108.85416412353516,31.328125
5615,2018-06-03 09:44,-0.09259258955717088,60.67708206176758,183.3333282470703,99.69618225097656,31.04166603088379
5616,2018-06-03 09:45,-0.1041666641831398,61.80555725097656,187.84722900390625,103.47222137451172,31.171875
5617,2018-06-03 09:46,-0.1041666641831398,60.56134414672852,181.25,99.13194274902345,31.11979103088379
5618,2018-06-03 09:47,-0.1041666641831398,60.15625,173.49537658691406,106.29340362548828,31.04166603088379
5619,2018-06-03 09:48,-0.1041666641831398,59.92477035522461,185.4166717529297,100.56423950195312,30.703125
5620,2018-06-03 09:49,-0.09259258955717088,59.75115585327149,184.02777099609372,95.3125,30.41666603088379
5621,2018-06-03 09:50,-0.11574073880910872,60.15625,179.05091857910156,102.69097137451172,30.13020896911621
5622,2018-06-03 09:51,-0.09259258955717088,60.67708206176758,178.24073791503906,104.07986450195312,30.13020896911621
5623,2018-06-03 09:52,-0.09259258955717088,61.63194274902344,183.3333282470703,94.40103912353516,30.36458396911621
5624,2018-06-03 09:53,-0.1041666641831398,60.04050827026367,179.74537658691406,103.515625,30.625
5625,2018-06-03 09:54,-0.09259258955717088,59.98263931274414,178.00926208496094,97.96006774902345,30.703125
5626,2018-06-03 09:55,-0.1041666641831398,60.04050827026367,180.7870330810547,95.48611450195312,30.52083396911621
5627,2018-06-03 09:56,-0.1041666641831398,60.04050827026367,178.81944274902344,97.30902862548828,30.26041603088379
5628,2018-06-03 09:57,-0.09259258955717088,59.92477035522461,175.69444274902344,104.51388549804688,29.609375
5629,2018-06-03 09:58,-0.09259258955717088,59.92477035522461,177.19908142089844,98.78472137451172,29.296875
5630,2018-06-03 09:59,-0.1041666641831398,59.66435241699218,178.9351806640625,100.56423950195312,29.03645896911621
5631,2018-06-03 10:00,-0.1041666641831398,59.89583206176758,181.36573791503903,103.38541412353516,29.03645896911621
5632,2018-06-03 10:01,-0.09259258955717088,60.09838104248047,174.5370330810547,95.61631774902345,28.984375
5633,2018-06-03 10:02,-0.09259258955717088,60.09838104248047,170.25462341308594,99.65277862548828,28.88020896911621
5634,2018-06-03 10:03,-0.1041666641831398,61.31365585327149,177.3148193359375,99.52256774902345,28.72395896911621
5635,2018-06-03 10:04,-0.1041666641831398,61.05324172973633,177.19908142089844,93.18576049804688,28.359375
5636,2018-06-03 10:05,-0.1041666641831398,61.8634262084961,178.35647583007812,97.48263549804688,28.671875
5637,2018-06-03 10:06,-0.1041666641831398,62.32638931274414,177.89352416992188,98.4375,29.32291603088379
5638,2018-06-03 10:07,-0.1041666641831398,61.97916793823242,178.5879669189453,104.99131774902344,29.375
5639,2018-06-03 10:08,-0.1041666641831398,60.90856552124024,177.3148193359375,101.08506774902344,29.27083396911621
5640,2018-06-03 10:09,-0.1041666641831398,60.35879516601562,180.09259033203125,103.77603912353516,29.03645896911621
5641,2018-06-03 10:10,-0.1041666641831398,60.27199172973633,177.6620330810547,100.52083587646484,28.41145896911621
5642,2018-06-03 10:11,-0.09259258955717088,60.56134414672852,175.57870483398438,99.30555725097656,27.5
5643,2018-06-03 10:12,-0.1041666641831398,60.3009262084961,178.5879669189453,99.17534637451172,27.65625
5644,2018-06-03 10:13,-0.1041666641831398,60.27199172973633,177.89352416992188,92.578125,27.55208396911621
5645,2018-06-03 10:14,-0.09259258955717088,60.04050827026367,175.11573791503906,99.73958587646484,27.39583396911621
5646,2018-06-03 10:15,-0.1041666641831398,60.011573791503906,177.6620330810547,100.08680725097656,27.08333396911621
5647,2018-06-03 10:16,-0.11574073880910872,60.12731552124024,181.94444274902344,102.30034637451172,27.03125
5648,2018-06-03 10:17,-0.1041666641831398,60.09838104248047,179.1666717529297,98.56771087646484,26.82291603088379
5649,2018-06-03 10:18,-0.1041666641831398,60.792823791503906,183.3333282470703,97.04861450195312,26.35416603088379
5650,2018-06-03 10:19,-0.09259258955717088,61.48727035522461,187.5,99.39236450195312,26.45833396911621
5651,2018-06-03 10:20,-0.09259258955717088,61.05324172973633,179.1666717529297,102.47396087646484,26.640625
5652,2018-06-03 10:21,-0.1041666641831398,60.73495483398438,177.0833282470703,99.73958587646484,26.82291603088379
5653,2018-06-03 10:22,-0.11574073880910872,60.011573791503906,178.81944274902344,99.13194274902345,26.92708396911621
5654,2018-06-03 10:23,-0.1041666641831398,60.011573791503906,164.8148193359375,95.22569274902345,26.92708396911621
5655,2018-06-03 10:24,-0.1041666641831398,60.18518447875977,87.38426208496094,84.4184036254883,26.45833396911621
5656,2018-06-03 10:25,-0.1041666641831398,60.44560241699218,4.513888835906982,81.6840286254883,25.80729103088379
5657,2018-06-03 10:26,-0.1041666641831398,60.90856552124024,111.11111450195312,78.515625,25.36458396911621
5658,2018-06-03 10:27,-0.09259258955717088,60.87963104248047,116.31944274902344,66.75347137451172,25.02604103088379
5659,2018-06-03 10:28,-0.1041666641831398,62.03703689575195,119.21295928955078,77.90798950195312,24.50520896911621
5660,2018-06-03 10:29,-0.1041666641831398,61.48727035522461,121.06481170654295,89.40972137451173,24.08854103088379
5661,2018-06-03 10:30,-0.09259258955717088,61.11111068725586,98.95833587646484,85.1996536254883,23.515625
5662,2018-06-03 10:31,-0.1041666641831398,60.792823791503906,120.25463104248048,75.30381774902342,22.83854103088379
5663,2018-06-03 10:32,-0.1041666641831398,61.11111068725586,117.12963104248048,88.41146087646483,22.578125
5664,2018-06-03 10:33,-0.09259258955717088,63.02083206176758,95.9490737915039,71.13715362548828,23.30729103088379
5665,2018-06-03 10:34,-0.1041666641831398,62.32638931274414,41.08796310424805,77.82118225097656,23.17708396911621
5666,2018-06-03 10:35,-0.09259258955717088,61.45833206176758,50.9259262084961,78.25521087646483,22.83854103088379
5667,2018-06-03 10:36,-0.09259258955717088,61.77661895751953,-0.3472222089767456,84.33159637451173,22.63020896911621
5668,2018-06-03 10:37,-0.1041666641831398,61.22685241699218,-0.4629629552364349,92.36111450195312,22.317708969116207
5669,2018-06-03 10:38,-0.09259258955717088,61.19791793823242,-1.0416666269302368,89.93055725097656,21.04166603088379
5670,2018-06-03 10:39,-0.1041666641831398,60.9375,0.8101851940155029,79.47048950195312,20.364583969116207
